date,card_id,card_name,card_name_en,card_number,psa_grade,buyback_price,currency,price_source,source_post_url,image_url,notes
2026-10-01,6b4db105d038,ゲンガー&ミミッキュGX SA,,,,280000,JPY,text,https://x.com/snkrdunk_akiba/status/2105487881624236404,,文字價（自動抽）；圖未逐張核，過閘前請對圖
2026-10-01,1a2797dcd791,ピカチュウ&ゼクロムGX SA,,,,380000,JPY,text,https://x.com/snkrdunk_akiba/status/2105487881624236404,,文字價（自動抽）；圖未逐張核，過閘前請對圖
2026-10-01,d45284b8c684,ミュウツー&ミュウGX SA,,,,210000,JPY,text,https://x.com/snkrdunk_akiba/status/2105487881624236404,,文字價（自動抽）；圖未逐張核，過閘前請對圖
2026-10-01,ce7cf1ffe122,ラティアス&ラティオスGX SA,,,,680000,JPY,text,https://x.com/snkrdunk_akiba/status/2105487881624236404,,文字價（自動抽）；圖未逐張核，過閘前請對圖
2026-10-01,66a6ff593c51,カメックス,,,,250000,JPY,text,https://x.com/snkrdunk_akiba/status/2105489132235726950,,文字價（自動抽）；圖未逐張核，過閘前請對圖
2026-10-01,5accb7d821a9,フシギバナ,,,,200000,JPY,text,https://x.com/snkrdunk_akiba/status/2105489132235726950,,文字價（自動抽）；圖未逐張核，過閘前請對圖
2026-10-01,865d3b47e3e8,リザードン,,,,1700000,JPY,text,https://x.com/snkrdunk_akiba/status/2105489132235726950,,文字價（自動抽）；圖未逐張核，過閘前請對圖
2026-10-01,a5a025e6bbb8,リザードンEX 未開封,,,,1000000,JPY,text,https://x.com/snkrdunk_akiba/status/2105489135268196406,,文字價（自動抽）；圖未逐張核，過閘前請對圖
2026-10-01,66a6ff593c51,カメックス,,,,250000,JPY,text,https://x.com/snkrdunk_akiba/status/2105490398097612919,,文字價（自動抽）；圖未逐張核，過閘前請對圖
2026-10-01,5accb7d821a9,フシギバナ,,,,70000,JPY,text,https://x.com/snkrdunk_akiba/status/2105490398097612919,,文字價（自動抽）；圖未逐張核，過閘前請對圖
2026-10-01,865d3b47e3e8,リザードン,,,,600000,JPY,text,https://x.com/snkrdunk_akiba/status/2105490398097612919,,文字價（自動抽）；圖未逐張核，過閘前請對圖
2026-10-01,327fbc4bbc10,ゲンガーVMAX SA,,,,220000,JPY,text,https://x.com/snkrdunk_akiba/status/2105490401314627645,,文字價（自動抽）；圖未逐張核，過閘前請對圖
2026-10-01,f20b417b76e8,ミュウVMAX SA,,,,100000,JPY,text,https://x.com/snkrdunk_akiba/status/2105490401314627645,,文字價（自動抽）；圖未逐張核，過閘前請對圖
2026-10-01,cd981a9f4d7a,リーフィアVMAX SA,,,,55000,JPY,text,https://x.com/snkrdunk_akiba/status/2105490401314627645,,文字價（自動抽）；圖未逐張核，過閘前請對圖
2026-10-01,aeb3b8008ca9,ルギアV SA,,,,98000,JPY,text,https://x.com/snkrdunk_akiba/status/2105490401314627645,,文字價（自動抽）；圖未逐張核，過閘前請對圖
2026-10-01,8f51811e3f7e,わるいカメックス,,,,200000,JPY,text,https://x.com/snkrdunk_akiba/status/2105491651057856762,,文字價（自動抽）；圖未逐張核，過閘前請對圖
2026-10-01,eac622724e56,わるいリザードン,,,,800000,JPY,text,https://x.com/snkrdunk_akiba/status/2105491651057856762,,文字價（自動抽）；圖未逐張核，過閘前請對圖
2026-10-01,5accb7d821a9,フシギバナ,,,,170000,JPY,text,https://x.com/snkrdunk_akiba/status/2105491651057856762,,文字價（自動抽）；圖未逐張核，過閘前請對圖
2026-10-01,e63fcdd66330,ゼニガメ,,,,900000,JPY,text,https://x.com/snkrdunk_akiba/status/2105492924930957422,,文字價（自動抽）；圖未逐張核，過閘前請對圖
2026-10-01,6901ccf587d0,チコリータ,,,,110000,JPY,text,https://x.com/snkrdunk_akiba/status/2105492924930957422,,文字價（自動抽）；圖未逐張核，過閘前請對圖
2026-10-01,c3777530dcde,ヒトカゲ,,,,400000,JPY,text,https://x.com/snkrdunk_akiba/status/2105492924930957422,,文字價（自動抽）；圖未逐張核，過閘前請對圖
2026-10-01,f68f7b82cb4e,ピカチュウ,,,,500000,JPY,text,https://x.com/snkrdunk_akiba/status/2105492924930957422,,文字價（自動抽）；圖未逐張核，過閘前請對圖
2026-10-01,f855638b9469,ゼクロムex BWR,,,,68000,JPY,text,https://x.com/snkrdunk_akiba/status/2105492928273805420,,文字價（自動抽）；圖未逐張核，過閘前請對圖
2026-10-01,fa866b60a603,ピカチュウex SAR仕様,,,,110000,JPY,text,https://x.com/snkrdunk_akiba/status/2105492928273805420,,文字價（自動抽）；圖未逐張核，過閘前請對圖
2026-10-01,07cbae54c541,ミュウex SAR,,,,70000,JPY,text,https://x.com/snkrdunk_akiba/status/2105492928273805420,,文字價（自動抽）；圖未逐張核，過閘前請對圖
2026-10-01,96c284f2cd6a,レシラムex BWR,,,,65000,JPY,text,https://x.com/snkrdunk_akiba/status/2105492928273805420,,文字價（自動抽）；圖未逐張核，過閘前請對圖
2026-10-01,08621ffaa5a1,ロケット団のミュウツーex SAR,,,,50000,JPY,text,https://x.com/snkrdunk_akiba/status/2105492928273805420,,文字價（自動抽）；圖未逐張核，過閘前請對圖
2026-10-01,a6bb07c0a59e,ブラッキー,,,,1200000,JPY,text,https://x.com/snkrdunk_akiba/status/2105494167589978316,,文字價（自動抽）；圖未逐張核，過閘前請對圖
2026-10-01,a6bb07c0a59e,ブラッキー,,,,1300000,JPY,text,https://x.com/snkrdunk_akiba/status/2105494167589978316,,文字價（自動抽）；圖未逐張核，過閘前請對圖
2026-10-01,a6bb07c0a59e,ブラッキー,,,,250000,JPY,text,https://x.com/snkrdunk_akiba/status/2105494167589978316,,文字價（自動抽）；圖未逐張核，過閘前請對圖
2026-10-01,a6bb07c0a59e,ブラッキー,,,,600000,JPY,text,https://x.com/snkrdunk_akiba/status/2105494167589978316,,文字價（自動抽）；圖未逐張核，過閘前請對圖
2026-10-01,439baa3d9b36,ギャラドス,,,,400000,JPY,text,https://x.com/snkrdunk_akiba/status/2105495430704615881,,文字價（自動抽）；圖未逐張核，過閘前請對圖
2026-10-01,0adfe44a5192,ゲンガー,,,,1800000,JPY,text,https://x.com/snkrdunk_akiba/status/2105495430704615881,,文字價（自動抽）；圖未逐張核，過閘前請對圖
2026-10-01,0adfe44a5192,ゲンガー,,,,2500000,JPY,text,https://x.com/snkrdunk_akiba/status/2105495430704615881,,文字價（自動抽）；圖未逐張核，過閘前請對圖
2026-10-01,0adfe44a5192,ゲンガー,,,,500000,JPY,text,https://x.com/snkrdunk_akiba/status/2105495430704615881,,文字價（自動抽）；圖未逐張核，過閘前請對圖
2026-10-01,48993d398bef,メガゲンガーex SAR,,,,35000,JPY,text,https://x.com/snkrdunk_akiba/status/2105495433976102926,,文字價（自動抽）；圖未逐張核，過閘前請對圖
2026-10-01,7600c7f143e3,メガレックウザex SAR,,,,30000,JPY,text,https://x.com/snkrdunk_akiba/status/2105497943658918025,,文字價（自動抽）；圖未逐張核，過閘前請對圖
2026-10-01,5b11aa4ab3ed,マリオピカチュウ 未開封,,,,5000000,JPY,text,https://x.com/snkrdunk_akiba/status/2105499198422696022,,文字價（自動抽）；圖未逐張核，過閘前請對圖
2026-10-01,36a564d3d86c,ルイージピカチュウ 未開封,,,,2500000,JPY,text,https://x.com/snkrdunk_akiba/status/2105499198422696022,,文字價（自動抽）；圖未逐張核，過閘前請對圖
2026-10-01,66ea921456ac,メガリザードンex SAR,,,,80000,JPY,text,https://x.com/snkrdunk_akiba/status/2105500466016862357,,文字價（自動抽）；圖未逐張核，過閘前請對圖
2026-10-01,48993d398bef,メガゲンガーex SAR,,,,35000,JPY,text,https://x.com/snkrdunk_akiba/status/2105502979390619948,,文字價（自動抽）；圖未逐張核，過閘前請對圖
2026-10-01,7600c7f143e3,メガレックウザex SAR,,,,30000,JPY,text,https://x.com/snkrdunk_akiba/status/2105505495499075767,,文字價（自動抽）；圖未逐張核，過閘前請對圖
2026-10-01,725f9e5d2c9f,リザードンVMAX HR 争奪戦 台紙付き,,,,1700000,JPY,text,https://x.com/snkrdunk_akiba/status/2105506748069253387,,文字價（自動抽）；圖未逐張核，過閘前請對圖
2026-10-01,66ea921456ac,メガリザードンex SAR,,,,80000,JPY,text,https://x.com/snkrdunk_akiba/status/2105508013910143001,,文字價（自動抽）；圖未逐張核，過閘前請對圖
2026-10-01,ecbae9dc019e,アクア団のカイオーガEX,,,PSA10,320000,JPY,text,https://x.com/snkrdunk_akiba/status/2105542128625754125,,文字價（自動抽）；PSA10；圖未逐張核，過閘前請對圖
2026-10-01,3a28fe186409,ギャラドスEX,,,PSA10,290000,JPY,text,https://x.com/snkrdunk_akiba/status/2105542128625754125,,文字價（自動抽）；PSA10；圖未逐張核，過閘前請對圖
2026-10-01,36ebf547044d,メガゲンガーex SAR,,,PSA10,55000,JPY,text,https://x.com/snkrdunk_akiba/status/2105542128625754125,,文字價（自動抽）；PSA10；圖未逐張核，過閘前請對圖
2026-10-01,06f356c4c12a,ギャラドスごっこピカチュウ,,,,2500000,JPY,text,https://x.com/snkrdunk_akiba/status/2105628806212210705,,文字價（自動抽）；圖未逐張核，過閘前請對圖
2026-10-01,4bd41f14c13d,ポンチョを着たピカチュウ メガリザX,,,,2500000,JPY,text,https://x.com/snkrdunk_akiba/status/2105628806212210705,,文字價（自動抽）；圖未逐張核，過閘前請對圖
2026-10-01,625fae3a7889,ポンチョを着たピカチュウ レックウザ,,,,3000000,JPY,text,https://x.com/snkrdunk_akiba/status/2105628806212210705,,文字價（自動抽）；圖未逐張核，過閘前請對圖
2026-10-01,6b4db105d038,ゲンガー&ミミッキュGX SA,,,,300000,JPY,text,https://x.com/snkrdunk_akiba/status/2105628813082370455,,文字價（自動抽）；圖未逐張核，過閘前請對圖
2026-10-01,1a2797dcd791,ピカチュウ&ゼクロムGX SA,,,,380000,JPY,text,https://x.com/snkrdunk_akiba/status/2105628813082370455,,文字價（自動抽）；圖未逐張核，過閘前請對圖
2026-10-01,d45284b8c684,ミュウツー&ミュウGX SA,,,,210000,JPY,text,https://x.com/snkrdunk_akiba/status/2105628813082370455,,文字價（自動抽）；圖未逐張核，過閘前請對圖
2026-10-01,ce7cf1ffe122,ラティアス&ラティオスGX SA,,,,680000,JPY,text,https://x.com/snkrdunk_akiba/status/2105628813082370455,,文字價（自動抽）；圖未逐張核，過閘前請對圖
2026-10-01,48993d398bef,メガゲンガーex SAR,,,,35000,JPY,text,https://x.com/snkrdunk_akiba/status/2105628816781750425,,文字價（自動抽）；圖未逐張核，過閘前請對圖
2026-10-01,f13524d0f6ed,スカル団ごっこピカチュウ 未開封,,,,2000000,JPY,text,https://x.com/snkrdunk_akiba/status/2105630062041297183,,文字價（自動抽）；圖未逐張核，過閘前請對圖
2026-10-01,3c9b5a3c5b14,ピカチュウ(たいでん),,,,1800000,JPY,text,https://x.com/snkrdunk_akiba/status/2105631319795667324,,文字價（自動抽）；圖未逐張核，過閘前請對圖
2026-10-01,c327375a6624,ピカチュウ(おいわいパーティ),,,,3500000,JPY,text,https://x.com/snkrdunk_akiba/status/2105632580423069757,,文字價（自動抽）；圖未逐張核，過閘前請對圖
2026-10-01,b9f47de17e94,ゴッホピカチュウ 未開封,,,,200000,JPY,text,https://x.com/snkrdunk_akiba/status/2105633834960290060,,文字價（自動抽）；圖未逐張核，過閘前請對圖
2026-10-01,8c91de0c0251,見返りピカチュウ 未開封,,,,350000,JPY,text,https://x.com/snkrdunk_akiba/status/2105633834960290060,,文字價（自動抽）；圖未逐張核，過閘前請對圖
2026-10-01,725f9e5d2c9f,リザードンVMAX HR 争奪戦 台紙付き,,,,1450000,JPY,text,https://x.com/snkrdunk_akiba/status/2105633838257131938,,文字價（自動抽）；圖未逐張核，過閘前請對圖
2026-10-01,327fbc4bbc10,ゲンガーVMAX SA,,,,200000,JPY,text,https://x.com/snkrdunk_akiba/status/2105633841444696081,,文字價（自動抽）；圖未逐張核，過閘前請對圖
2026-10-01,f20b417b76e8,ミュウVMAX SA,,,,100000,JPY,text,https://x.com/snkrdunk_akiba/status/2105633841444696081,,文字價（自動抽）；圖未逐張核，過閘前請對圖
2026-10-01,cd981a9f4d7a,リーフィアVMAX SA,,,,50000,JPY,text,https://x.com/snkrdunk_akiba/status/2105633841444696081,,文字價（自動抽）；圖未逐張核，過閘前請對圖
2026-10-01,aeb3b8008ca9,ルギアV SA,,,,100000,JPY,text,https://x.com/snkrdunk_akiba/status/2105633841444696081,,文字價（自動抽）；圖未逐張核，過閘前請對圖
2026-10-01,7600c7f143e3,メガレックウザex SAR,,,,30000,JPY,text,https://x.com/snkrdunk_akiba/status/2105633844745601377,,文字價（自動抽）；圖未逐張核，過閘前請對圖
2026-10-01,9ee2c2567290,カイオーガ,,,,1200000,JPY,text,https://x.com/snkrdunk_akiba/status/2105636356387160563,,文字價（自動抽）；圖未逐張核，過閘前請對圖
2026-10-01,4ebb5e0d853c,グラードン,,,,1200000,JPY,text,https://x.com/snkrdunk_akiba/status/2105636356387160563,,文字價（自動抽）；圖未逐張核，過閘前請對圖
2026-10-01,0be28d32f2a0,レックウザ,,,,15000000,JPY,text,https://x.com/snkrdunk_akiba/status/2105636356387160563,,文字價（自動抽）；圖未逐張核，過閘前請對圖
2026-10-01,99e5373af822,アチャモ,,,,7500000,JPY,text,https://x.com/snkrdunk_akiba/status/2105637610995720646,,文字價（自動抽）；圖未逐張核，過閘前請對圖
2026-10-01,6a902bb8660b,キモリ,,,,2500000,JPY,text,https://x.com/snkrdunk_akiba/status/2105637610995720646,,文字價（自動抽）；圖未逐張核，過閘前請對圖
2026-10-01,50668534403a,ミズゴロウ,,,,5000000,JPY,text,https://x.com/snkrdunk_akiba/status/2105637610995720646,,文字價（自動抽）；圖未逐張核，過閘前請對圖
2026-10-01,a5c1b8414aa7,ムンク ピカチュウ,,,,1600000,JPY,text,https://x.com/snkrdunk_akiba/status/2105637614971969568,,文字價（自動抽）；圖未逐張核，過閘前請對圖
2026-10-01,f1e116f6d5bf,ムンク ミミッキュ 未開封,,,,2500000,JPY,text,https://x.com/snkrdunk_akiba/status/2105637614971969568,,文字價（自動抽）；圖未逐張核，過閘前請對圖
2026-10-01,a8f73c071c77,ミュウ,,,,1000000,JPY,text,https://x.com/snkrdunk_akiba/status/2105638868330725416,,文字價（自動抽）；圖未逐張核，過閘前請對圖
2026-10-01,a620d56e36c0,ミュウツー,,,,500000,JPY,text,https://x.com/snkrdunk_akiba/status/2105638868330725416,,文字價（自動抽）；圖未逐張核，過閘前請對圖
2026-10-01,f26677c346b5,リーリエ(エクストラバトルの日),,,,7500000,JPY,text,https://x.com/snkrdunk_akiba/status/2105638871853908151,,文字價（自動抽）；圖未逐張核，過閘前請對圖
2026-10-01,f855638b9469,ゼクロムex BWR,,,,65000,JPY,text,https://x.com/snkrdunk_akiba/status/2105638875662278684,,文字價（自動抽）；圖未逐張核，過閘前請對圖
2026-10-01,fa866b60a603,ピカチュウex SAR仕様,,,,120000,JPY,text,https://x.com/snkrdunk_akiba/status/2105638875662278684,,文字價（自動抽）；圖未逐張核，過閘前請對圖
2026-10-01,07cbae54c541,ミュウex SAR,,,,70000,JPY,text,https://x.com/snkrdunk_akiba/status/2105638875662278684,,文字價（自動抽）；圖未逐張核，過閘前請對圖
2026-10-01,96c284f2cd6a,レシラムex BWR,,,,65000,JPY,text,https://x.com/snkrdunk_akiba/status/2105638875662278684,,文字價（自動抽）；圖未逐張核，過閘前請對圖
2026-10-01,08621ffaa5a1,ロケット団のミュウツーex SAR,,,,45000,JPY,text,https://x.com/snkrdunk_akiba/status/2105638875662278684,,文字價（自動抽）；圖未逐張核，過閘前請對圖
2026-10-01,66ea921456ac,メガリザードンex SAR,,,,80000,JPY,text,https://x.com/snkrdunk_akiba/status/2105638878875201905,,文字價（自動抽）；圖未逐張核，過閘前請對圖
2026-10-01,66a6ff593c51,カメックス,,,,250000,JPY,text,https://x.com/snkrdunk_akiba/status/2105640128584749386,,文字價（自動抽）；圖未逐張核，過閘前請對圖
2026-10-01,5accb7d821a9,フシギバナ,,,,200000,JPY,text,https://x.com/snkrdunk_akiba/status/2105640128584749386,,文字價（自動抽）；圖未逐張核，過閘前請對圖
2026-10-01,865d3b47e3e8,リザードン,,,,1700000,JPY,text,https://x.com/snkrdunk_akiba/status/2105640128584749386,,文字價（自動抽）；圖未逐張核，過閘前請對圖
2026-10-01,9e6e0c1a6c80,アセロラ(エクストラバトルの日),,,,2700000,JPY,text,https://x.com/snkrdunk_akiba/status/2105640132191846729,,文字價（自動抽）；圖未逐張核，過閘前請對圖
2026-10-01,66a6ff593c51,カメックス,,,,250000,JPY,text,https://x.com/snkrdunk_akiba/status/2105641387568009405,,文字價（自動抽）；圖未逐張核，過閘前請對圖
2026-10-01,5accb7d821a9,フシギバナ,,,,70000,JPY,text,https://x.com/snkrdunk_akiba/status/2105641387568009405,,文字價（自動抽）；圖未逐張核，過閘前請對圖
2026-10-01,865d3b47e3e8,リザードン,,,,600000,JPY,text,https://x.com/snkrdunk_akiba/status/2105641387568009405,,文字價（自動抽）；圖未逐張核，過閘前請對圖
2026-10-01,bbd984c952a9,サカキの計画 未開封,,,,2500000,JPY,text,https://x.com/snkrdunk_akiba/status/2105641391078641720,,文字價（自動抽）；圖未逐張核，過閘前請對圖
2026-10-01,f60ed40918f2,ロケット団参上 未開封,,,,2700000,JPY,text,https://x.com/snkrdunk_akiba/status/2105641391078641720,,文字價（自動抽）；圖未逐張核，過閘前請對圖
2026-10-01,8f51811e3f7e,わるいカメックス,,,,200000,JPY,text,https://x.com/snkrdunk_akiba/status/2105642644873568408,,文字價（自動抽）；圖未逐張核，過閘前請對圖
2026-10-01,eac622724e56,わるいリザードン,,,,800000,JPY,text,https://x.com/snkrdunk_akiba/status/2105642644873568408,,文字價（自動抽）；圖未逐張核，過閘前請對圖
2026-10-01,5accb7d821a9,フシギバナ,,,,170000,JPY,text,https://x.com/snkrdunk_akiba/status/2105642644873568408,,文字價（自動抽）；圖未逐張核，過閘前請對圖
2026-10-01,2d16ec25b2e9,かんこうきゃく SR,,,,150000,JPY,text,https://x.com/snkrdunk_akiba/status/2105642648854000081,,文字價（自動抽）；圖未逐張核，過閘前請對圖
2026-10-01,6190f07a1d71,アセロラ SR,,,,1200000,JPY,text,https://x.com/snkrdunk_akiba/status/2105642648854000081,,文字價（自動抽）；圖未逐張核，過閘前請對圖
2026-10-01,0238b7b6361b,アローラの仲間たち,,,,350000,JPY,text,https://x.com/snkrdunk_akiba/status/2105642648854000081,,文字價（自動抽）；圖未逐張核，過閘前請對圖
2026-10-01,da3fc0920548,ルチア SR,,,,150000,JPY,text,https://x.com/snkrdunk_akiba/status/2105642648854000081,,文字價（自動抽）；圖未逐張核，過閘前請對圖
2026-10-01,c3964483690e,帽子リーリエ,,,,1000000,JPY,text,https://x.com/snkrdunk_akiba/status/2105642648854000081,,文字價（自動抽）；圖未逐張核，過閘前請對圖
2026-10-01,e63fcdd66330,ゼニガメ,,,,900000,JPY,text,https://x.com/snkrdunk_akiba/status/2105643906524406245,,文字價（自動抽）；圖未逐張核，過閘前請對圖
2026-10-01,6901ccf587d0,チコリータ,,,,110000,JPY,text,https://x.com/snkrdunk_akiba/status/2105643906524406245,,文字價（自動抽）；圖未逐張核，過閘前請對圖
2026-10-01,c3777530dcde,ヒトカゲ,,,,400000,JPY,text,https://x.com/snkrdunk_akiba/status/2105643906524406245,,文字價（自動抽）；圖未逐張核，過閘前請對圖
2026-10-01,f68f7b82cb4e,ピカチュウ,,,,500000,JPY,text,https://x.com/snkrdunk_akiba/status/2105643906524406245,,文字價（自動抽）；圖未逐張核，過閘前請對圖
2026-10-01,6b4db105d038,ゲンガー&ミミッキュGX SA,,,,300000,JPY,text,https://x.com/snkrdunk_akiba/status/2105643913759613293,,文字價（自動抽）；圖未逐張核，過閘前請對圖
2026-10-01,1a2797dcd791,ピカチュウ&ゼクロムGX SA,,,,380000,JPY,text,https://x.com/snkrdunk_akiba/status/2105643913759613293,,文字價（自動抽）；圖未逐張核，過閘前請對圖
2026-10-01,d45284b8c684,ミュウツー&ミュウGX SA,,,,210000,JPY,text,https://x.com/snkrdunk_akiba/status/2105643913759613293,,文字價（自動抽）；圖未逐張核，過閘前請對圖
2026-10-01,ce7cf1ffe122,ラティアス&ラティオスGX SA,,,,680000,JPY,text,https://x.com/snkrdunk_akiba/status/2105643913759613293,,文字價（自動抽）；圖未逐張核，過閘前請對圖
2026-10-01,48993d398bef,メガゲンガーex SAR,,,,35000,JPY,text,https://x.com/snkrdunk_akiba/status/2105643917257687053,,文字價（自動抽）；圖未逐張核，過閘前請對圖
2026-10-01,a6bb07c0a59e,ブラッキー,,,,1200000,JPY,text,https://x.com/snkrdunk_akiba/status/2105645161556611527,,文字價（自動抽）；圖未逐張核，過閘前請對圖
2026-10-01,a6bb07c0a59e,ブラッキー,,,,1300000,JPY,text,https://x.com/snkrdunk_akiba/status/2105645161556611527,,文字價（自動抽）；圖未逐張核，過閘前請對圖
2026-10-01,a6bb07c0a59e,ブラッキー,,,,250000,JPY,text,https://x.com/snkrdunk_akiba/status/2105645161556611527,,文字價（自動抽）；圖未逐張核，過閘前請對圖
2026-10-01,a6bb07c0a59e,ブラッキー,,,,600000,JPY,text,https://x.com/snkrdunk_akiba/status/2105645161556611527,,文字價（自動抽）；圖未逐張核，過閘前請對圖
2026-10-01,99a666faebe8,エーフィ グレート,,,,10000000,JPY,text,https://x.com/snkrdunk_akiba/status/2105645165113459132,,文字價（自動抽）；圖未逐張核，過閘前請對圖
2026-10-01,fb21e78767fb,ブラッキー グレート,,,,22000000,JPY,text,https://x.com/snkrdunk_akiba/status/2105645165113459132,,文字價（自動抽）；圖未逐張核，過閘前請對圖
2026-10-01,439baa3d9b36,ギャラドス,,,,400000,JPY,text,https://x.com/snkrdunk_akiba/status/2105646421949174262,,文字價（自動抽）；圖未逐張核，過閘前請對圖
2026-10-01,0adfe44a5192,ゲンガー,,,,1800000,JPY,text,https://x.com/snkrdunk_akiba/status/2105646421949174262,,文字價（自動抽）；圖未逐張核，過閘前請對圖
2026-10-01,0adfe44a5192,ゲンガー,,,,2500000,JPY,text,https://x.com/snkrdunk_akiba/status/2105646421949174262,,文字價（自動抽）；圖未逐張核，過閘前請對圖
2026-10-01,0adfe44a5192,ゲンガー,,,,500000,JPY,text,https://x.com/snkrdunk_akiba/status/2105646421949174262,,文字價（自動抽）；圖未逐張核，過閘前請對圖
2026-10-01,a5a025e6bbb8,リザードンEX 未開封,,,,1000000,JPY,text,https://x.com/snkrdunk_akiba/status/2105647680030756911,,文字價（自動抽）；圖未逐張核，過閘前請對圖
2026-10-01,327fbc4bbc10,ゲンガーVMAX SA,,,,200000,JPY,text,https://x.com/snkrdunk_akiba/status/2105648941895446853,,文字價（自動抽）；圖未逐張核，過閘前請對圖
2026-10-01,f20b417b76e8,ミュウVMAX SA,,,,100000,JPY,text,https://x.com/snkrdunk_akiba/status/2105648941895446853,,文字價（自動抽）；圖未逐張核，過閘前請對圖
2026-10-01,cd981a9f4d7a,リーフィアVMAX SA,,,,50000,JPY,text,https://x.com/snkrdunk_akiba/status/2105648941895446853,,文字價（自動抽）；圖未逐張核，過閘前請對圖
2026-10-01,aeb3b8008ca9,ルギアV SA,,,,100000,JPY,text,https://x.com/snkrdunk_akiba/status/2105648941895446853,,文字價（自動抽）；圖未逐張核，過閘前請對圖
2026-10-01,7600c7f143e3,メガレックウザex SAR,,,,30000,JPY,text,https://x.com/snkrdunk_akiba/status/2105648945057968293,,文字價（自動抽）；圖未逐張核，過閘前請對圖
2026-10-01,5b11aa4ab3ed,マリオピカチュウ 未開封,,,,5000000,JPY,text,https://x.com/snkrdunk_akiba/status/2105650192704066037,,文字價（自動抽）；圖未逐張核，過閘前請對圖
2026-10-01,36a564d3d86c,ルイージピカチュウ 未開封,,,,2400000,JPY,text,https://x.com/snkrdunk_akiba/status/2105650192704066037,,文字價（自動抽）；圖未逐張核，過閘前請對圖
2026-10-01,f855638b9469,ゼクロムex BWR,,,,65000,JPY,text,https://x.com/snkrdunk_akiba/status/2105653968974282838,,文字價（自動抽）；圖未逐張核，過閘前請對圖
2026-10-01,fa866b60a603,ピカチュウex SAR仕様,,,,120000,JPY,text,https://x.com/snkrdunk_akiba/status/2105653968974282838,,文字價（自動抽）；圖未逐張核，過閘前請對圖
2026-10-01,07cbae54c541,ミュウex SAR,,,,70000,JPY,text,https://x.com/snkrdunk_akiba/status/2105653968974282838,,文字價（自動抽）；圖未逐張核，過閘前請對圖
2026-10-01,96c284f2cd6a,レシラムex BWR,,,,65000,JPY,text,https://x.com/snkrdunk_akiba/status/2105653968974282838,,文字價（自動抽）；圖未逐張核，過閘前請對圖
2026-10-01,08621ffaa5a1,ロケット団のミュウツーex SAR,,,,45000,JPY,text,https://x.com/snkrdunk_akiba/status/2105653968974282838,,文字價（自動抽）；圖未逐張核，過閘前請對圖
2026-10-01,66ea921456ac,メガリザードンex SAR,,,,80000,JPY,text,https://x.com/snkrdunk_akiba/status/2105653972354961563,,文字價（自動抽）；圖未逐張核，過閘前請對圖
2026-10-02,aa65603f1070,ギャラドスごっこピカチュウ,,,PSA10,1850000,JPY,text,https://x.com/snkrdunk_akiba/status/2105856694580572446,,文字價（自動抽）；PSA10；圖未逐張核，過閘前請對圖
2026-10-02,341384f2a363,スカル団ごっこピカチュウ,,,PSA10,1900000,JPY,text,https://x.com/snkrdunk_akiba/status/2105856694580572446,,文字價（自動抽）；PSA10；圖未逐張核，過閘前請對圖
2026-10-02,de690940c5f0,ムンクピカチュウ,,,PSA10,1950000,JPY,text,https://x.com/snkrdunk_akiba/status/2105856694580572446,,文字價（自動抽）；PSA10；圖未逐張核，過閘前請對圖
2026-10-02,3844d2d8535e,ウッウ,,,PSA10,85000,JPY,text,https://x.com/snkrdunk_akiba/status/2105859810520629261,,文字價（自動抽）；PSA10；圖未逐張核，過閘前請對圖
2026-10-02,aeb0ffd5a514,ゴッホピカチュウ,,,PSA10,410000,JPY,text,https://x.com/snkrdunk_akiba/status/2105859810520629261,,文字價（自動抽）；PSA10；圖未逐張核，過閘前請對圖
2026-10-02,24de63d56431,漫才ごっこピカチュウ,,,PSA10,140000,JPY,text,https://x.com/snkrdunk_akiba/status/2105859810520629261,,文字價（自動抽）；PSA10；圖未逐張核，過閘前請對圖
2026-10-02,66ea921456ac,メガリザードンex SAR,,,,80000,JPY,text,https://x.com/snkrdunk_akiba/status/2105877958942757287,,文字價（自動抽）；圖未逐張核，過閘前請對圖
2026-10-02,a6bb07c0a59e,ブラッキー,,,,1200000,JPY,text,https://x.com/snkrdunk_akiba/status/2105879202683822228,,文字價（自動抽）；圖未逐張核，過閘前請對圖
2026-10-02,a6bb07c0a59e,ブラッキー,,,,1300000,JPY,text,https://x.com/snkrdunk_akiba/status/2105879202683822228,,文字價（自動抽）；圖未逐張核，過閘前請對圖
2026-10-02,a6bb07c0a59e,ブラッキー,,,,250000,JPY,text,https://x.com/snkrdunk_akiba/status/2105879202683822228,,文字價（自動抽）；圖未逐張核，過閘前請對圖
2026-10-02,a6bb07c0a59e,ブラッキー,,,,600000,JPY,text,https://x.com/snkrdunk_akiba/status/2105879202683822228,,文字價（自動抽）；圖未逐張核，過閘前請對圖
2026-10-02,439baa3d9b36,ギャラドス,,,,400000,JPY,text,https://x.com/snkrdunk_akiba/status/2105880460765335687,,文字價（自動抽）；圖未逐張核，過閘前請對圖
2026-10-02,0adfe44a5192,ゲンガー,,,,1800000,JPY,text,https://x.com/snkrdunk_akiba/status/2105880460765335687,,文字價（自動抽）；圖未逐張核，過閘前請對圖
2026-10-02,0adfe44a5192,ゲンガー,,,,2500000,JPY,text,https://x.com/snkrdunk_akiba/status/2105880460765335687,,文字價（自動抽）；圖未逐張核，過閘前請對圖
2026-10-02,0adfe44a5192,ゲンガー,,,,500000,JPY,text,https://x.com/snkrdunk_akiba/status/2105880460765335687,,文字價（自動抽）；圖未逐張核，過閘前請對圖
2026-10-02,5b11aa4ab3ed,マリオピカチュウ 未開封,,,,5000000,JPY,text,https://x.com/snkrdunk_akiba/status/2105884235089547286,,文字價（自動抽）；圖未逐張核，過閘前請對圖
2026-10-02,36a564d3d86c,ルイージピカチュウ 未開封,,,,2500000,JPY,text,https://x.com/snkrdunk_akiba/status/2105884235089547286,,文字價（自動抽）；圖未逐張核，過閘前請對圖
2026-10-02,6b4db105d038,ゲンガー&ミミッキュGX SA,,,,280000,JPY,text,https://x.com/snkrdunk_akiba/status/2105885508228550846,,文字價（自動抽）；圖未逐張核，過閘前請對圖
2026-10-02,1a2797dcd791,ピカチュウ&ゼクロムGX SA,,,,380000,JPY,text,https://x.com/snkrdunk_akiba/status/2105885508228550846,,文字價（自動抽）；圖未逐張核，過閘前請對圖
2026-10-02,d45284b8c684,ミュウツー&ミュウGX SA,,,,210000,JPY,text,https://x.com/snkrdunk_akiba/status/2105885508228550846,,文字價（自動抽）；圖未逐張核，過閘前請對圖
2026-10-02,ce7cf1ffe122,ラティアス&ラティオスGX SA,,,,680000,JPY,text,https://x.com/snkrdunk_akiba/status/2105885508228550846,,文字價（自動抽）；圖未逐張核，過閘前請對圖
2026-10-02,48993d398bef,メガゲンガーex SAR,,,,35000,JPY,text,https://x.com/snkrdunk_akiba/status/2105885511768522795,,文字價（自動抽）；圖未逐張核，過閘前請對圖
2026-10-02,725f9e5d2c9f,リザードンVMAX HR 争奪戦 台紙付き,,,,1450000,JPY,text,https://x.com/snkrdunk_akiba/status/2105891785792987178,,文字價（自動抽）；圖未逐張核，過閘前請對圖
2026-10-02,327fbc4bbc10,ゲンガーVMAX SA,,,,200000,JPY,text,https://x.com/snkrdunk_akiba/status/2105893086249541861,,文字價（自動抽）；圖未逐張核，過閘前請對圖
2026-10-02,f20b417b76e8,ミュウVMAX SA,,,,100000,JPY,text,https://x.com/snkrdunk_akiba/status/2105893086249541861,,文字價（自動抽）；圖未逐張核，過閘前請對圖
2026-10-02,cd981a9f4d7a,リーフィアVMAX SA,,,,50000,JPY,text,https://x.com/snkrdunk_akiba/status/2105893086249541861,,文字價（自動抽）；圖未逐張核，過閘前請對圖
2026-10-02,aeb3b8008ca9,ルギアV SA,,,,100000,JPY,text,https://x.com/snkrdunk_akiba/status/2105893086249541861,,文字價（自動抽）；圖未逐張核，過閘前請對圖
2026-10-02,7600c7f143e3,メガレックウザex SAR,,,,30000,JPY,text,https://x.com/snkrdunk_akiba/status/2105893089529454867,,文字價（自動抽）；圖未逐張核，過閘前請對圖
2026-10-02,a5c1b8414aa7,ムンク ピカチュウ,,,,1600000,JPY,text,https://x.com/snkrdunk_akiba/status/2105895560482099362,,文字價（自動抽）；圖未逐張核，過閘前請對圖
2026-10-02,f1e116f6d5bf,ムンク ミミッキュ 未開封,,,,2500000,JPY,text,https://x.com/snkrdunk_akiba/status/2105895560482099362,,文字價（自動抽）；圖未逐張核，過閘前請對圖
2026-10-02,f26677c346b5,リーリエ(エクストラバトルの日),,,,7500000,JPY,text,https://x.com/snkrdunk_akiba/status/2105896818102165966,,文字價（自動抽）；圖未逐張核，過閘前請對圖
2026-10-02,9e6e0c1a6c80,アセロラ(エクストラバトルの日),,,,2700000,JPY,text,https://x.com/snkrdunk_akiba/status/2105898076535959853,,文字價（自動抽）；圖未逐張核，過閘前請對圖
2026-10-02,bbd984c952a9,サカキの計画 未開封,,,,2500000,JPY,text,https://x.com/snkrdunk_akiba/status/2105899337360543864,,文字價（自動抽）；圖未逐張核，過閘前請對圖
2026-10-02,f60ed40918f2,ロケット団参上 未開封,,,,2700000,JPY,text,https://x.com/snkrdunk_akiba/status/2105899337360543864,,文字價（自動抽）；圖未逐張核，過閘前請對圖
2026-10-02,2d16ec25b2e9,かんこうきゃく SR,,,,140000,JPY,text,https://x.com/snkrdunk_akiba/status/2105900603608342781,,文字價（自動抽）；圖未逐張核，過閘前請對圖
2026-10-02,6190f07a1d71,アセロラ SR,,,,1200000,JPY,text,https://x.com/snkrdunk_akiba/status/2105900603608342781,,文字價（自動抽）；圖未逐張核，過閘前請對圖
2026-10-02,0238b7b6361b,アローラの仲間たち,,,,350000,JPY,text,https://x.com/snkrdunk_akiba/status/2105900603608342781,,文字價（自動抽）；圖未逐張核，過閘前請對圖
2026-10-02,da3fc0920548,ルチア SR,,,,150000,JPY,text,https://x.com/snkrdunk_akiba/status/2105900603608342781,,文字價（自動抽）；圖未逐張核，過閘前請對圖
2026-10-02,c3964483690e,帽子リーリエ,,,,1000000,JPY,text,https://x.com/snkrdunk_akiba/status/2105900603608342781,,文字價（自動抽）；圖未逐張核，過閘前請對圖
2026-10-02,f855638b9469,ゼクロムex BWR,,,,65000,JPY,text,https://x.com/snkrdunk_akiba/status/2105900606959604129,,文字價（自動抽）；圖未逐張核，過閘前請對圖
2026-10-02,fa866b60a603,ピカチュウex SAR仕様,,,,120000,JPY,text,https://x.com/snkrdunk_akiba/status/2105900606959604129,,文字價（自動抽）；圖未逐張核，過閘前請對圖
2026-10-02,07cbae54c541,ミュウex SAR,,,,70000,JPY,text,https://x.com/snkrdunk_akiba/status/2105900606959604129,,文字價（自動抽）；圖未逐張核，過閘前請對圖
2026-10-02,96c284f2cd6a,レシラムex BWR,,,,65000,JPY,text,https://x.com/snkrdunk_akiba/status/2105900606959604129,,文字價（自動抽）；圖未逐張核，過閘前請對圖
2026-10-02,08621ffaa5a1,ロケット団のミュウツーex SAR,,,,45000,JPY,text,https://x.com/snkrdunk_akiba/status/2105900606959604129,,文字價（自動抽）；圖未逐張核，過閘前請對圖
2026-10-02,66ea921456ac,メガリザードンex SAR,,,,80000,JPY,text,https://x.com/snkrdunk_akiba/status/2105900610285646113,,文字價（自動抽）；圖未逐張核，過閘前請對圖
2026-10-02,99a666faebe8,エーフィ グレート,,,,10000000,JPY,text,https://x.com/snkrdunk_akiba/status/2105903109717561790,,文字價（自動抽）；圖未逐張核，過閘前請對圖
2026-10-02,fb21e78767fb,ブラッキー グレート,,,,22000000,JPY,text,https://x.com/snkrdunk_akiba/status/2105903109717561790,,文字價（自動抽）；圖未逐張核，過閘前請對圖
2026-10-02,a5a025e6bbb8,リザードンEX 未開封,,,,1000000,JPY,text,https://x.com/snkrdunk_akiba/status/2105904368000323638,,文字價（自動抽）；圖未逐張核，過閘前請對圖
2026-10-02,06f356c4c12a,ギャラドスごっこピカチュウ,,,,2500000,JPY,text,https://x.com/snkrdunk_akiba/status/2105991194463567889,,文字價（自動抽）；圖未逐張核，過閘前請對圖
2026-10-02,4bd41f14c13d,ポンチョを着たピカチュウ メガリザX,,,,2500000,JPY,text,https://x.com/snkrdunk_akiba/status/2105991194463567889,,文字價（自動抽）；圖未逐張核，過閘前請對圖
2026-10-02,625fae3a7889,ポンチョを着たピカチュウ レックウザ,,,,3000000,JPY,text,https://x.com/snkrdunk_akiba/status/2105991194463567889,,文字價（自動抽）；圖未逐張核，過閘前請對圖
2026-10-02,6b4db105d038,ゲンガー&ミミッキュGX SA,,,,300000,JPY,text,https://x.com/snkrdunk_akiba/status/2105991201254195572,,文字價（自動抽）；圖未逐張核，過閘前請對圖
2026-10-02,1a2797dcd791,ピカチュウ&ゼクロムGX SA,,,,380000,JPY,text,https://x.com/snkrdunk_akiba/status/2105991201254195572,,文字價（自動抽）；圖未逐張核，過閘前請對圖
2026-10-02,d45284b8c684,ミュウツー&ミュウGX SA,,,,210000,JPY,text,https://x.com/snkrdunk_akiba/status/2105991201254195572,,文字價（自動抽）；圖未逐張核，過閘前請對圖
2026-10-02,ce7cf1ffe122,ラティアス&ラティオスGX SA,,,,680000,JPY,text,https://x.com/snkrdunk_akiba/status/2105991201254195572,,文字價（自動抽）；圖未逐張核，過閘前請對圖
2026-10-02,48993d398bef,メガゲンガーex SAR,,,,35000,JPY,text,https://x.com/snkrdunk_akiba/status/2105991205817610563,,文字價（自動抽）；圖未逐張核，過閘前請對圖
2026-10-02,f13524d0f6ed,スカル団ごっこピカチュウ 未開封,,,,2000000,JPY,text,https://x.com/snkrdunk_akiba/status/2105992450120790291,,文字價（自動抽）；圖未逐張核，過閘前請對圖
2026-10-02,3c9b5a3c5b14,ピカチュウ(たいでん),,,,1800000,JPY,text,https://x.com/snkrdunk_akiba/status/2105993706134536535,,文字價（自動抽）；圖未逐張核，過閘前請對圖
2026-10-02,c327375a6624,ピカチュウ(おいわいパーティ),,,,3500000,JPY,text,https://x.com/snkrdunk_akiba/status/2105994969387585853,,文字價（自動抽）；圖未逐張核，過閘前請對圖
2026-10-02,b9f47de17e94,ゴッホピカチュウ 未開封,,,,200000,JPY,text,https://x.com/snkrdunk_akiba/status/2105996224004489241,,文字價（自動抽）；圖未逐張核，過閘前請對圖
2026-10-02,8c91de0c0251,見返りピカチュウ 未開封,,,,350000,JPY,text,https://x.com/snkrdunk_akiba/status/2105996224004489241,,文字價（自動抽）；圖未逐張核，過閘前請對圖
2026-10-02,327fbc4bbc10,ゲンガーVMAX SA,,,,200000,JPY,text,https://x.com/snkrdunk_akiba/status/2105996231231336747,,文字價（自動抽）；圖未逐張核，過閘前請對圖
2026-10-02,f20b417b76e8,ミュウVMAX SA,,,,100000,JPY,text,https://x.com/snkrdunk_akiba/status/2105996231231336747,,文字價（自動抽）；圖未逐張核，過閘前請對圖
2026-10-02,cd981a9f4d7a,リーフィアVMAX SA,,,,50000,JPY,text,https://x.com/snkrdunk_akiba/status/2105996231231336747,,文字價（自動抽）；圖未逐張核，過閘前請對圖
2026-10-02,aeb3b8008ca9,ルギアV SA,,,,100000,JPY,text,https://x.com/snkrdunk_akiba/status/2105996231231336747,,文字價（自動抽）；圖未逐張核，過閘前請對圖
2026-10-02,7600c7f143e3,メガレックウザex SAR,,,,30000,JPY,text,https://x.com/snkrdunk_akiba/status/2105996235018731805,,文字價（自動抽）；圖未逐張核，過閘前請對圖
2026-10-02,725f9e5d2c9f,リザードンVMAX HR 争奪戦 台紙付き,,,,1450000,JPY,text,https://x.com/snkrdunk_akiba/status/2105997486771093739,,文字價（自動抽）；圖未逐張核，過閘前請對圖
2026-10-02,9ee2c2567290,カイオーガ,,,,1200000,JPY,text,https://x.com/snkrdunk_akiba/status/2105998744093429994,,文字價（自動抽）；圖未逐張核，過閘前請對圖
2026-10-02,4ebb5e0d853c,グラードン,,,,1200000,JPY,text,https://x.com/snkrdunk_akiba/status/2105998744093429994,,文字價（自動抽）；圖未逐張核，過閘前請對圖
2026-10-02,0be28d32f2a0,レックウザ,,,,15000000,JPY,text,https://x.com/snkrdunk_akiba/status/2105998744093429994,,文字價（自動抽）；圖未逐張核，過閘前請對圖
2026-10-02,99e5373af822,アチャモ,,,,7500000,JPY,text,https://x.com/snkrdunk_akiba/status/2106000129190924427,,文字價（自動抽）；圖未逐張核，過閘前請對圖
2026-10-02,6a902bb8660b,キモリ,,,,2500000,JPY,text,https://x.com/snkrdunk_akiba/status/2106000129190924427,,文字價（自動抽）；圖未逐張核，過閘前請對圖
2026-10-02,50668534403a,ミズゴロウ,,,,5000000,JPY,text,https://x.com/snkrdunk_akiba/status/2106000129190924427,,文字價（自動抽）；圖未逐張核，過閘前請對圖
2026-10-02,a8f73c071c77,ミュウ,,,,1000000,JPY,text,https://x.com/snkrdunk_akiba/status/2106001261330120985,,文字價（自動抽）；圖未逐張核，過閘前請對圖
2026-10-02,a620d56e36c0,ミュウツー,,,,500000,JPY,text,https://x.com/snkrdunk_akiba/status/2106001261330120985,,文字價（自動抽）；圖未逐張核，過閘前請對圖
2026-10-02,a5c1b8414aa7,ムンク ピカチュウ,,,,1600000,JPY,text,https://x.com/snkrdunk_akiba/status/2106001264802984036,,文字價（自動抽）；圖未逐張核，過閘前請對圖
2026-10-02,f1e116f6d5bf,ムンク ミミッキュ 未開封,,,,2500000,JPY,text,https://x.com/snkrdunk_akiba/status/2106001264802984036,,文字價（自動抽）；圖未逐張核，過閘前請對圖
2026-10-02,f855638b9469,ゼクロムex BWR,,,,65000,JPY,text,https://x.com/snkrdunk_akiba/status/2106001268493992310,,文字價（自動抽）；圖未逐張核，過閘前請對圖
2026-10-02,fa866b60a603,ピカチュウex SAR仕様,,,,120000,JPY,text,https://x.com/snkrdunk_akiba/status/2106001268493992310,,文字價（自動抽）；圖未逐張核，過閘前請對圖
2026-10-02,07cbae54c541,ミュウex SAR,,,,70000,JPY,text,https://x.com/snkrdunk_akiba/status/2106001268493992310,,文字價（自動抽）；圖未逐張核，過閘前請對圖
2026-10-02,96c284f2cd6a,レシラムex BWR,,,,65000,JPY,text,https://x.com/snkrdunk_akiba/status/2106001268493992310,,文字價（自動抽）；圖未逐張核，過閘前請對圖
2026-10-02,08621ffaa5a1,ロケット団のミュウツーex SAR,,,,45000,JPY,text,https://x.com/snkrdunk_akiba/status/2106001268493992310,,文字價（自動抽）；圖未逐張核，過閘前請對圖
2026-10-02,66ea921456ac,メガリザードンex SAR,,,,80000,JPY,text,https://x.com/snkrdunk_akiba/status/2106001271740330376,,文字價（自動抽）；圖未逐張核，過閘前請對圖
2026-10-02,66a6ff593c51,カメックス,,,,250000,JPY,text,https://x.com/snkrdunk_akiba/status/2106002514177056864,,文字價（自動抽）；圖未逐張核，過閘前請對圖
2026-10-02,5accb7d821a9,フシギバナ,,,,200000,JPY,text,https://x.com/snkrdunk_akiba/status/2106002514177056864,,文字價（自動抽）；圖未逐張核，過閘前請對圖
2026-10-02,865d3b47e3e8,リザードン,,,,1700000,JPY,text,https://x.com/snkrdunk_akiba/status/2106002514177056864,,文字價（自動抽）；圖未逐張核，過閘前請對圖
2026-10-02,f26677c346b5,リーリエ(エクストラバトルの日),,,,7500000,JPY,text,https://x.com/snkrdunk_akiba/status/2106002517301821927,,文字價（自動抽）；圖未逐張核，過閘前請對圖
2026-10-02,66a6ff593c51,カメックス,,,,250000,JPY,text,https://x.com/snkrdunk_akiba/status/2106003774821253547,,文字價（自動抽）；圖未逐張核，過閘前請對圖
2026-10-02,5accb7d821a9,フシギバナ,,,,70000,JPY,text,https://x.com/snkrdunk_akiba/status/2106003774821253547,,文字價（自動抽）；圖未逐張核，過閘前請對圖
2026-10-02,865d3b47e3e8,リザードン,,,,600000,JPY,text,https://x.com/snkrdunk_akiba/status/2106003774821253547,,文字價（自動抽）；圖未逐張核，過閘前請對圖
2026-10-02,9e6e0c1a6c80,アセロラ(エクストラバトルの日),,,,2700000,JPY,text,https://x.com/snkrdunk_akiba/status/2106003778428457349,,文字價（自動抽）；圖未逐張核，過閘前請對圖
2026-10-02,8f51811e3f7e,わるいカメックス,,,,200000,JPY,text,https://x.com/snkrdunk_akiba/status/2106005032600781136,,文字價（自動抽）；圖未逐張核，過閘前請對圖
2026-10-02,eac622724e56,わるいリザードン,,,,800000,JPY,text,https://x.com/snkrdunk_akiba/status/2106005032600781136,,文字價（自動抽）；圖未逐張核，過閘前請對圖
2026-10-02,5accb7d821a9,フシギバナ,,,,170000,JPY,text,https://x.com/snkrdunk_akiba/status/2106005032600781136,,文字價（自動抽）；圖未逐張核，過閘前請對圖
2026-10-02,bbd984c952a9,サカキの計画 未開封,,,,2500000,JPY,text,https://x.com/snkrdunk_akiba/status/2106005035780022507,,文字價（自動抽）；圖未逐張核，過閘前請對圖
2026-10-02,f60ed40918f2,ロケット団参上 未開封,,,,2700000,JPY,text,https://x.com/snkrdunk_akiba/status/2106005035780022507,,文字價（自動抽）；圖未逐張核，過閘前請對圖
2026-10-02,e63fcdd66330,ゼニガメ,,,,900000,JPY,text,https://x.com/snkrdunk_akiba/status/2106006293454745845,,文字價（自動抽）；圖未逐張核，過閘前請對圖
2026-10-02,6901ccf587d0,チコリータ,,,,110000,JPY,text,https://x.com/snkrdunk_akiba/status/2106006293454745845,,文字價（自動抽）；圖未逐張核，過閘前請對圖
2026-10-02,c3777530dcde,ヒトカゲ,,,,400000,JPY,text,https://x.com/snkrdunk_akiba/status/2106006293454745845,,文字價（自動抽）；圖未逐張核，過閘前請對圖
2026-10-02,f68f7b82cb4e,ピカチュウ,,,,500000,JPY,text,https://x.com/snkrdunk_akiba/status/2106006293454745845,,文字價（自動抽）；圖未逐張核，過閘前請對圖
2026-10-02,2d16ec25b2e9,かんこうきゃく SR,,,,150000,JPY,text,https://x.com/snkrdunk_akiba/status/2106006297007231172,,文字價（自動抽）；圖未逐張核，過閘前請對圖
2026-10-02,6190f07a1d71,アセロラ SR,,,,1200000,JPY,text,https://x.com/snkrdunk_akiba/status/2106006297007231172,,文字價（自動抽）；圖未逐張核，過閘前請對圖
2026-10-02,0238b7b6361b,アローラの仲間たち,,,,350000,JPY,text,https://x.com/snkrdunk_akiba/status/2106006297007231172,,文字價（自動抽）；圖未逐張核，過閘前請對圖
2026-10-02,da3fc0920548,ルチア SR,,,,150000,JPY,text,https://x.com/snkrdunk_akiba/status/2106006297007231172,,文字價（自動抽）；圖未逐張核，過閘前請對圖
2026-10-02,c3964483690e,帽子リーリエ,,,,1000000,JPY,text,https://x.com/snkrdunk_akiba/status/2106006297007231172,,文字價（自動抽）；圖未逐張核，過閘前請對圖
2026-10-02,6b4db105d038,ゲンガー&ミミッキュGX SA,,,,300000,JPY,text,https://x.com/snkrdunk_akiba/status/2106006300840833222,,文字價（自動抽）；圖未逐張核，過閘前請對圖
2026-10-02,1a2797dcd791,ピカチュウ&ゼクロムGX SA,,,,380000,JPY,text,https://x.com/snkrdunk_akiba/status/2106006300840833222,,文字價（自動抽）；圖未逐張核，過閘前請對圖
2026-10-02,d45284b8c684,ミュウツー&ミュウGX SA,,,,210000,JPY,text,https://x.com/snkrdunk_akiba/status/2106006300840833222,,文字價（自動抽）；圖未逐張核，過閘前請對圖
2026-10-02,ce7cf1ffe122,ラティアス&ラティオスGX SA,,,,680000,JPY,text,https://x.com/snkrdunk_akiba/status/2106006300840833222,,文字價（自動抽）；圖未逐張核，過閘前請對圖
2026-10-02,48993d398bef,メガゲンガーex SAR,,,,35000,JPY,text,https://x.com/snkrdunk_akiba/status/2106006304280244403,,文字價（自動抽）；圖未逐張核，過閘前請對圖
2026-10-02,a6bb07c0a59e,ブラッキー,,,,1200000,JPY,text,https://x.com/snkrdunk_akiba/status/2106007549996843036,,文字價（自動抽）；圖未逐張核，過閘前請對圖
2026-10-02,a6bb07c0a59e,ブラッキー,,,,1300000,JPY,text,https://x.com/snkrdunk_akiba/status/2106007549996843036,,文字價（自動抽）；圖未逐張核，過閘前請對圖
2026-10-02,a6bb07c0a59e,ブラッキー,,,,250000,JPY,text,https://x.com/snkrdunk_akiba/status/2106007549996843036,,文字價（自動抽）；圖未逐張核，過閘前請對圖
2026-10-02,a6bb07c0a59e,ブラッキー,,,,600000,JPY,text,https://x.com/snkrdunk_akiba/status/2106007549996843036,,文字價（自動抽）；圖未逐張核，過閘前請對圖
2026-10-02,439baa3d9b36,ギャラドス,,,,400000,JPY,text,https://x.com/snkrdunk_akiba/status/2106008810829816020,,文字價（自動抽）；圖未逐張核，過閘前請對圖
2026-10-02,0adfe44a5192,ゲンガー,,,,1800000,JPY,text,https://x.com/snkrdunk_akiba/status/2106008810829816020,,文字價（自動抽）；圖未逐張核，過閘前請對圖
2026-10-02,0adfe44a5192,ゲンガー,,,,2500000,JPY,text,https://x.com/snkrdunk_akiba/status/2106008810829816020,,文字價（自動抽）；圖未逐張核，過閘前請對圖
2026-10-02,0adfe44a5192,ゲンガー,,,,500000,JPY,text,https://x.com/snkrdunk_akiba/status/2106008810829816020,,文字價（自動抽）；圖未逐張核，過閘前請對圖
2026-10-02,99a666faebe8,エーフィ グレート,,,,10000000,JPY,text,https://x.com/snkrdunk_akiba/status/2106008814294376636,,文字價（自動抽）；圖未逐張核，過閘前請對圖
2026-10-02,fb21e78767fb,ブラッキー グレート,,,,22000000,JPY,text,https://x.com/snkrdunk_akiba/status/2106008814294376636,,文字價（自動抽）；圖未逐張核，過閘前請對圖
2026-10-02,a5a025e6bbb8,リザードンEX 未開封,,,,1000000,JPY,text,https://x.com/snkrdunk_akiba/status/2106011326669869064,,文字價（自動抽）；圖未逐張核，過閘前請對圖
2026-10-02,7600c7f143e3,メガレックウザex SAR,,,,30000,JPY,text,https://x.com/snkrdunk_akiba/status/2106011333510738105,,文字價（自動抽）；圖未逐張核，過閘前請對圖
2026-10-02,5b11aa4ab3ed,マリオピカチュウ 未開封,,,,5000000,JPY,text,https://x.com/snkrdunk_akiba/status/2106012580661916086,,文字價（自動抽）；圖未逐張核，過閘前請對圖
2026-10-02,36a564d3d86c,ルイージピカチュウ 未開封,,,,2400000,JPY,text,https://x.com/snkrdunk_akiba/status/2106012580661916086,,文字價（自動抽）；圖未逐張核，過閘前請對圖
2026-10-02,f855638b9469,ゼクロムex BWR,,,,65000,JPY,text,https://x.com/snkrdunk_akiba/status/2106016356974113173,,文字價（自動抽）；圖未逐張核，過閘前請對圖
2026-10-02,fa866b60a603,ピカチュウex SAR仕様,,,,120000,JPY,text,https://x.com/snkrdunk_akiba/status/2106016356974113173,,文字價（自動抽）；圖未逐張核，過閘前請對圖
2026-10-02,07cbae54c541,ミュウex SAR,,,,70000,JPY,text,https://x.com/snkrdunk_akiba/status/2106016356974113173,,文字價（自動抽）；圖未逐張核，過閘前請對圖
2026-10-02,96c284f2cd6a,レシラムex BWR,,,,65000,JPY,text,https://x.com/snkrdunk_akiba/status/2106016356974113173,,文字價（自動抽）；圖未逐張核，過閘前請對圖
2026-10-02,08621ffaa5a1,ロケット団のミュウツーex SAR,,,,45000,JPY,text,https://x.com/snkrdunk_akiba/status/2106016356974113173,,文字價（自動抽）；圖未逐張核，過閘前請對圖
2026-10-02,66ea921456ac,メガリザードンex SAR,,,,80000,JPY,text,https://x.com/snkrdunk_akiba/status/2106016360228921576,,文字價（自動抽）；圖未逐張核，過閘前請對圖
2026-10-03,5b11aa4ab3ed,マリオピカチュウ 未開封,,,,5000000,JPY,text,https://x.com/snkrdunk_akiba/status/2106246623441662242,,文字價（自動抽）；圖未逐張核，過閘前請對圖
2026-10-03,36a564d3d86c,ルイージピカチュウ 未開封,,,,2500000,JPY,text,https://x.com/snkrdunk_akiba/status/2106246623441662242,,文字價（自動抽）；圖未逐張核，過閘前請對圖
2026-10-03,6b4db105d038,ゲンガー&ミミッキュGX SA,,,,280000,JPY,text,https://x.com/snkrdunk_akiba/status/2106247893548204145,,文字價（自動抽）；圖未逐張核，過閘前請對圖
2026-10-03,1a2797dcd791,ピカチュウ&ゼクロムGX SA,,,,380000,JPY,text,https://x.com/snkrdunk_akiba/status/2106247893548204145,,文字價（自動抽）；圖未逐張核，過閘前請對圖
2026-10-03,d45284b8c684,ミュウツー&ミュウGX SA,,,,210000,JPY,text,https://x.com/snkrdunk_akiba/status/2106247893548204145,,文字價（自動抽）；圖未逐張核，過閘前請對圖
2026-10-03,ce7cf1ffe122,ラティアス&ラティオスGX SA,,,,680000,JPY,text,https://x.com/snkrdunk_akiba/status/2106247893548204145,,文字價（自動抽）；圖未逐張核，過閘前請對圖
2026-10-03,48993d398bef,メガゲンガーex SAR,,,,35000,JPY,text,https://x.com/snkrdunk_akiba/status/2106247897826443333,,文字價（自動抽）；圖未逐張核，過閘前請對圖
2026-10-03,725f9e5d2c9f,リザードンVMAX HR 争奪戦 台紙付き,,,,1450000,JPY,text,https://x.com/snkrdunk_akiba/status/2106254172601700554,,文字價（自動抽）；圖未逐張核，過閘前請對圖
2026-10-03,7600c7f143e3,メガレックウザex SAR,,,,30000,JPY,text,https://x.com/snkrdunk_akiba/status/2106255444184625320,,文字價（自動抽）；圖未逐張核，過閘前請對圖
2026-10-03,a5c1b8414aa7,ムンク ピカチュウ,,,,1600000,JPY,text,https://x.com/snkrdunk_akiba/status/2106257947668120042,,文字價（自動抽）；圖未逐張核，過閘前請對圖
2026-10-03,f1e116f6d5bf,ムンク ミミッキュ 未開封,,,,2500000,JPY,text,https://x.com/snkrdunk_akiba/status/2106257947668120042,,文字價（自動抽）；圖未逐張核，過閘前請對圖
2026-10-03,f26677c346b5,リーリエ(エクストラバトルの日),,,,7500000,JPY,text,https://x.com/snkrdunk_akiba/status/2106259208425664648,,文字價（自動抽）；圖未逐張核，過閘前請對圖
2026-10-03,9e6e0c1a6c80,アセロラ(エクストラバトルの日),,,,2700000,JPY,text,https://x.com/snkrdunk_akiba/status/2106260463839510946,,文字價（自動抽）；圖未逐張核，過閘前請對圖
2026-10-03,bbd984c952a9,サカキの計画 未開封,,,,2500000,JPY,text,https://x.com/snkrdunk_akiba/status/2106261722445303908,,文字價（自動抽）；圖未逐張核，過閘前請對圖
2026-10-03,f60ed40918f2,ロケット団参上 未開封,,,,2700000,JPY,text,https://x.com/snkrdunk_akiba/status/2106261722445303908,,文字價（自動抽）；圖未逐張核，過閘前請對圖
2026-10-03,2d16ec25b2e9,かんこうきゃく SR,,,,140000,JPY,text,https://x.com/snkrdunk_akiba/status/2106262987875250350,,文字價（自動抽）；圖未逐張核，過閘前請對圖
2026-10-03,6190f07a1d71,アセロラ SR,,,,1200000,JPY,text,https://x.com/snkrdunk_akiba/status/2106262987875250350,,文字價（自動抽）；圖未逐張核，過閘前請對圖
2026-10-03,0238b7b6361b,アローラの仲間たち,,,,350000,JPY,text,https://x.com/snkrdunk_akiba/status/2106262987875250350,,文字價（自動抽）；圖未逐張核，過閘前請對圖
2026-10-03,da3fc0920548,ルチア SR,,,,150000,JPY,text,https://x.com/snkrdunk_akiba/status/2106262987875250350,,文字價（自動抽）；圖未逐張核，過閘前請對圖
2026-10-03,c3964483690e,帽子リーリエ,,,,1000000,JPY,text,https://x.com/snkrdunk_akiba/status/2106262987875250350,,文字價（自動抽）；圖未逐張核，過閘前請對圖
2026-10-03,f855638b9469,ゼクロムex BWR,,,,65000,JPY,text,https://x.com/snkrdunk_akiba/status/2106262991536824381,,文字價（自動抽）；圖未逐張核，過閘前請對圖
2026-10-03,fa866b60a603,ピカチュウex SAR仕様,,,,120000,JPY,text,https://x.com/snkrdunk_akiba/status/2106262991536824381,,文字價（自動抽）；圖未逐張核，過閘前請對圖
2026-10-03,07cbae54c541,ミュウex SAR,,,,70000,JPY,text,https://x.com/snkrdunk_akiba/status/2106262991536824381,,文字價（自動抽）；圖未逐張核，過閘前請對圖
2026-10-03,96c284f2cd6a,レシラムex BWR,,,,65000,JPY,text,https://x.com/snkrdunk_akiba/status/2106262991536824381,,文字價（自動抽）；圖未逐張核，過閘前請對圖
2026-10-03,08621ffaa5a1,ロケット団のミュウツーex SAR,,,,45000,JPY,text,https://x.com/snkrdunk_akiba/status/2106262991536824381,,文字價（自動抽）；圖未逐張核，過閘前請對圖
2026-10-03,66ea921456ac,メガリザードンex SAR,,,,80000,JPY,text,https://x.com/snkrdunk_akiba/status/2106262994980389362,,文字價（自動抽）；圖未逐張核，過閘前請對圖
2026-10-03,99a666faebe8,エーフィ グレート,,,,10000000,JPY,text,https://x.com/snkrdunk_akiba/status/2106265497469886938,,文字價（自動抽）；圖未逐張核，過閘前請對圖
2026-10-03,fb21e78767fb,ブラッキー グレート,,,,22000000,JPY,text,https://x.com/snkrdunk_akiba/status/2106265497469886938,,文字價（自動抽）；圖未逐張核，過閘前請對圖
2026-10-03,a5a025e6bbb8,リザードンEX 未開封,,,,1000000,JPY,text,https://x.com/snkrdunk_akiba/status/2106266756000170427,,文字價（自動抽）；圖未逐張核，過閘前請對圖
2026-10-03,06f356c4c12a,ギャラドスごっこピカチュウ,,,,2500000,JPY,text,https://x.com/snkrdunk_akiba/status/2106353582920613971,,文字價（自動抽）；圖未逐張核，過閘前請對圖
2026-10-03,4bd41f14c13d,ポンチョを着たピカチュウ メガリザX,,,,2500000,JPY,text,https://x.com/snkrdunk_akiba/status/2106353582920613971,,文字價（自動抽）；圖未逐張核，過閘前請對圖
2026-10-03,625fae3a7889,ポンチョを着たピカチュウ レックウザ,,,,3000000,JPY,text,https://x.com/snkrdunk_akiba/status/2106353582920613971,,文字價（自動抽）；圖未逐張核，過閘前請對圖
2026-10-03,6b4db105d038,ゲンガー&ミミッキュGX SA,,,,300000,JPY,text,https://x.com/snkrdunk_akiba/status/2106353590872989819,,文字價（自動抽）；圖未逐張核，過閘前請對圖
2026-10-03,1a2797dcd791,ピカチュウ&ゼクロムGX SA,,,,380000,JPY,text,https://x.com/snkrdunk_akiba/status/2106353590872989819,,文字價（自動抽）；圖未逐張核，過閘前請對圖
2026-10-03,d45284b8c684,ミュウツー&ミュウGX SA,,,,210000,JPY,text,https://x.com/snkrdunk_akiba/status/2106353590872989819,,文字價（自動抽）；圖未逐張核，過閘前請對圖
2026-10-03,ce7cf1ffe122,ラティアス&ラティオスGX SA,,,,680000,JPY,text,https://x.com/snkrdunk_akiba/status/2106353590872989819,,文字價（自動抽）；圖未逐張核，過閘前請對圖
2026-10-03,48993d398bef,メガゲンガーex SAR,,,,40000,JPY,text,https://x.com/snkrdunk_akiba/status/2106353594777935920,,文字價（自動抽）；圖未逐張核，過閘前請對圖
2026-10-03,f13524d0f6ed,スカル団ごっこピカチュウ 未開封,,,,2000000,JPY,text,https://x.com/snkrdunk_akiba/status/2106354838238036225,,文字價（自動抽）；圖未逐張核，過閘前請對圖
2026-10-03,3c9b5a3c5b14,ピカチュウ(たいでん),,,,1800000,JPY,text,https://x.com/snkrdunk_akiba/status/2106356096013344887,,文字價（自動抽）；圖未逐張核，過閘前請對圖
2026-10-03,c327375a6624,ピカチュウ(おいわいパーティ),,,,3500000,JPY,text,https://x.com/snkrdunk_akiba/status/2106357354329788513,,文字價（自動抽）；圖未逐張核，過閘前請對圖
2026-10-03,b9f47de17e94,ゴッホピカチュウ 未開封,,,,200000,JPY,text,https://x.com/snkrdunk_akiba/status/2106358610733506946,,文字價（自動抽）；圖未逐張核，過閘前請對圖
2026-10-03,8c91de0c0251,見返りピカチュウ 未開封,,,,350000,JPY,text,https://x.com/snkrdunk_akiba/status/2106358610733506946,,文字價（自動抽）；圖未逐張核，過閘前請對圖
2026-10-03,725f9e5d2c9f,リザードンVMAX HR 争奪戦 台紙付き,,,,1450000,JPY,text,https://x.com/snkrdunk_akiba/status/2106358613803757782,,文字價（自動抽）；圖未逐張核，過閘前請對圖
2026-10-03,327fbc4bbc10,ゲンガーVMAX SA,,,,200000,JPY,text,https://x.com/snkrdunk_akiba/status/2106358617117225329,,文字價（自動抽）；圖未逐張核，過閘前請對圖
2026-10-03,f20b417b76e8,ミュウVMAX SA,,,,120000,JPY,text,https://x.com/snkrdunk_akiba/status/2106358617117225329,,文字價（自動抽）；圖未逐張核，過閘前請對圖
2026-10-03,cd981a9f4d7a,リーフィアVMAX SA,,,,55000,JPY,text,https://x.com/snkrdunk_akiba/status/2106358617117225329,,文字價（自動抽）；圖未逐張核，過閘前請對圖
2026-10-03,aeb3b8008ca9,ルギアV SA,,,,100000,JPY,text,https://x.com/snkrdunk_akiba/status/2106358617117225329,,文字價（自動抽）；圖未逐張核，過閘前請對圖
2026-10-03,7600c7f143e3,メガレックウザex SAR,,,,33000,JPY,text,https://x.com/snkrdunk_akiba/status/2106358620489429187,,文字價（自動抽）；圖未逐張核，過閘前請對圖
2026-10-03,9ee2c2567290,カイオーガ,,,,1200000,JPY,text,https://x.com/snkrdunk_akiba/status/2106361131489214665,,文字價（自動抽）；圖未逐張核，過閘前請對圖
2026-10-03,4ebb5e0d853c,グラードン,,,,1200000,JPY,text,https://x.com/snkrdunk_akiba/status/2106361131489214665,,文字價（自動抽）；圖未逐張核，過閘前請對圖
2026-10-03,0be28d32f2a0,レックウザ,,,,15000000,JPY,text,https://x.com/snkrdunk_akiba/status/2106361131489214665,,文字價（自動抽）；圖未逐張核，過閘前請對圖
2026-10-03,99e5373af822,アチャモ,,,,7500000,JPY,text,https://x.com/snkrdunk_akiba/status/2106362387737858103,,文字價（自動抽）；圖未逐張核，過閘前請對圖
2026-10-03,6a902bb8660b,キモリ,,,,2500000,JPY,text,https://x.com/snkrdunk_akiba/status/2106362387737858103,,文字價（自動抽）；圖未逐張核，過閘前請對圖
2026-10-03,50668534403a,ミズゴロウ,,,,5000000,JPY,text,https://x.com/snkrdunk_akiba/status/2106362387737858103,,文字價（自動抽）；圖未逐張核，過閘前請對圖
2026-10-03,a5c1b8414aa7,ムンク ピカチュウ,,,,1600000,JPY,text,https://x.com/snkrdunk_akiba/status/2106362391915339979,,文字價（自動抽）；圖未逐張核，過閘前請對圖
2026-10-03,f1e116f6d5bf,ムンク ミミッキュ 未開封,,,,2500000,JPY,text,https://x.com/snkrdunk_akiba/status/2106362391915339979,,文字價（自動抽）；圖未逐張核，過閘前請對圖
2026-10-03,a8f73c071c77,ミュウ,,,,1000000,JPY,text,https://x.com/snkrdunk_akiba/status/2106363645009781237,,文字價（自動抽）；圖未逐張核，過閘前請對圖
2026-10-03,a620d56e36c0,ミュウツー,,,,500000,JPY,text,https://x.com/snkrdunk_akiba/status/2106363645009781237,,文字價（自動抽）；圖未逐張核，過閘前請對圖
2026-10-03,f26677c346b5,リーリエ(エクストラバトルの日),,,,7500000,JPY,text,https://x.com/snkrdunk_akiba/status/2106363648348508246,,文字價（自動抽）；圖未逐張核，過閘前請對圖
2026-10-03,f855638b9469,ゼクロムex BWR,,,,70000,JPY,text,https://x.com/snkrdunk_akiba/status/2106363651531964919,,文字價（自動抽）；圖未逐張核，過閘前請對圖
2026-10-03,fa866b60a603,ピカチュウex SAR仕様,,,,120000,JPY,text,https://x.com/snkrdunk_akiba/status/2106363651531964919,,文字價（自動抽）；圖未逐張核，過閘前請對圖
2026-10-03,07cbae54c541,ミュウex SAR,,,,80000,JPY,text,https://x.com/snkrdunk_akiba/status/2106363651531964919,,文字價（自動抽）；圖未逐張核，過閘前請對圖
2026-10-03,96c284f2cd6a,レシラムex BWR,,,,70000,JPY,text,https://x.com/snkrdunk_akiba/status/2106363651531964919,,文字價（自動抽）；圖未逐張核，過閘前請對圖
2026-10-03,08621ffaa5a1,ロケット団のミュウツーex SAR,,,,55000,JPY,text,https://x.com/snkrdunk_akiba/status/2106363651531964919,,文字價（自動抽）；圖未逐張核，過閘前請對圖
2026-10-03,66ea921456ac,メガリザードンex SAR,,,,90000,JPY,text,https://x.com/snkrdunk_akiba/status/2106363655176827152,,文字價（自動抽）；圖未逐張核，過閘前請對圖
2026-10-03,66a6ff593c51,カメックス,,,,250000,JPY,text,https://x.com/snkrdunk_akiba/status/2106364904064389246,,文字價（自動抽）；圖未逐張核，過閘前請對圖
2026-10-03,5accb7d821a9,フシギバナ,,,,200000,JPY,text,https://x.com/snkrdunk_akiba/status/2106364904064389246,,文字價（自動抽）；圖未逐張核，過閘前請對圖
2026-10-03,865d3b47e3e8,リザードン,,,,1700000,JPY,text,https://x.com/snkrdunk_akiba/status/2106364904064389246,,文字價（自動抽）；圖未逐張核，過閘前請對圖
2026-10-03,9e6e0c1a6c80,アセロラ(エクストラバトルの日),,,,2700000,JPY,text,https://x.com/snkrdunk_akiba/status/2106364907524702531,,文字價（自動抽）；圖未逐張核，過閘前請對圖
2026-10-03,66a6ff593c51,カメックス,,,,250000,JPY,text,https://x.com/snkrdunk_akiba/status/2106366163286724765,,文字價（自動抽）；圖未逐張核，過閘前請對圖
2026-10-03,5accb7d821a9,フシギバナ,,,,70000,JPY,text,https://x.com/snkrdunk_akiba/status/2106366163286724765,,文字價（自動抽）；圖未逐張核，過閘前請對圖
2026-10-03,865d3b47e3e8,リザードン,,,,600000,JPY,text,https://x.com/snkrdunk_akiba/status/2106366163286724765,,文字價（自動抽）；圖未逐張核，過閘前請對圖
2026-10-03,bbd984c952a9,サカキの計画 未開封,,,,2700000,JPY,text,https://x.com/snkrdunk_akiba/status/2106366167191576805,,文字價（自動抽）；圖未逐張核，過閘前請對圖
2026-10-03,f60ed40918f2,ロケット団参上 未開封,,,,2500000,JPY,text,https://x.com/snkrdunk_akiba/status/2106366167191576805,,文字價（自動抽）；圖未逐張核，過閘前請對圖
2026-10-03,8f51811e3f7e,わるいカメックス,,,,200000,JPY,text,https://x.com/snkrdunk_akiba/status/2106367420822884590,,文字價（自動抽）；圖未逐張核，過閘前請對圖
2026-10-03,eac622724e56,わるいリザードン,,,,800000,JPY,text,https://x.com/snkrdunk_akiba/status/2106367420822884590,,文字價（自動抽）；圖未逐張核，過閘前請對圖
2026-10-03,5accb7d821a9,フシギバナ,,,,170000,JPY,text,https://x.com/snkrdunk_akiba/status/2106367420822884590,,文字價（自動抽）；圖未逐張核，過閘前請對圖
2026-10-03,2d16ec25b2e9,かんこうきゃく SR,,,,150000,JPY,text,https://x.com/snkrdunk_akiba/status/2106367424178352146,,文字價（自動抽）；圖未逐張核，過閘前請對圖
2026-10-03,6190f07a1d71,アセロラ SR,,,,1200000,JPY,text,https://x.com/snkrdunk_akiba/status/2106367424178352146,,文字價（自動抽）；圖未逐張核，過閘前請對圖
2026-10-03,0238b7b6361b,アローラの仲間たち,,,,350000,JPY,text,https://x.com/snkrdunk_akiba/status/2106367424178352146,,文字價（自動抽）；圖未逐張核，過閘前請對圖
2026-10-03,da3fc0920548,ルチア SR,,,,150000,JPY,text,https://x.com/snkrdunk_akiba/status/2106367424178352146,,文字價（自動抽）；圖未逐張核，過閘前請對圖
2026-10-03,c3964483690e,帽子リーリエ,,,,1000000,JPY,text,https://x.com/snkrdunk_akiba/status/2106367424178352146,,文字價（自動抽）；圖未逐張核，過閘前請對圖
2026-10-03,e63fcdd66330,ゼニガメ,,,,900000,JPY,text,https://x.com/snkrdunk_akiba/status/2106368682230501695,,文字價（自動抽）；圖未逐張核，過閘前請對圖
2026-10-03,6901ccf587d0,チコリータ,,,,110000,JPY,text,https://x.com/snkrdunk_akiba/status/2106368682230501695,,文字價（自動抽）；圖未逐張核，過閘前請對圖
2026-10-03,c3777530dcde,ヒトカゲ,,,,400000,JPY,text,https://x.com/snkrdunk_akiba/status/2106368682230501695,,文字價（自動抽）；圖未逐張核，過閘前請對圖
2026-10-03,f68f7b82cb4e,ピカチュウ,,,,500000,JPY,text,https://x.com/snkrdunk_akiba/status/2106368682230501695,,文字價（自動抽）；圖未逐張核，過閘前請對圖
2026-10-03,6b4db105d038,ゲンガー&ミミッキュGX SA,,,,300000,JPY,text,https://x.com/snkrdunk_akiba/status/2106368690078015587,,文字價（自動抽）；圖未逐張核，過閘前請對圖
2026-10-03,1a2797dcd791,ピカチュウ&ゼクロムGX SA,,,,380000,JPY,text,https://x.com/snkrdunk_akiba/status/2106368690078015587,,文字價（自動抽）；圖未逐張核，過閘前請對圖
2026-10-03,d45284b8c684,ミュウツー&ミュウGX SA,,,,210000,JPY,text,https://x.com/snkrdunk_akiba/status/2106368690078015587,,文字價（自動抽）；圖未逐張核，過閘前請對圖
2026-10-03,ce7cf1ffe122,ラティアス&ラティオスGX SA,,,,680000,JPY,text,https://x.com/snkrdunk_akiba/status/2106368690078015587,,文字價（自動抽）；圖未逐張核，過閘前請對圖
2026-10-03,48993d398bef,メガゲンガーex SAR,,,,40000,JPY,text,https://x.com/snkrdunk_akiba/status/2106368693580255237,,文字價（自動抽）；圖未逐張核，過閘前請對圖
2026-10-03,a6bb07c0a59e,ブラッキー,,,,1200000,JPY,text,https://x.com/snkrdunk_akiba/status/2106369937182970315,,文字價（自動抽）；圖未逐張核，過閘前請對圖
2026-10-03,a6bb07c0a59e,ブラッキー,,,,1300000,JPY,text,https://x.com/snkrdunk_akiba/status/2106369937182970315,,文字價（自動抽）；圖未逐張核，過閘前請對圖
2026-10-03,a6bb07c0a59e,ブラッキー,,,,250000,JPY,text,https://x.com/snkrdunk_akiba/status/2106369937182970315,,文字價（自動抽）；圖未逐張核，過閘前請對圖
2026-10-03,a6bb07c0a59e,ブラッキー,,,,600000,JPY,text,https://x.com/snkrdunk_akiba/status/2106369937182970315,,文字價（自動抽）；圖未逐張核，過閘前請對圖
2026-10-03,99a666faebe8,エーフィ グレート,,,,10000000,JPY,text,https://x.com/snkrdunk_akiba/status/2106369940257411181,,文字價（自動抽）；圖未逐張核，過閘前請對圖
2026-10-03,fb21e78767fb,ブラッキー グレート,,,,22000000,JPY,text,https://x.com/snkrdunk_akiba/status/2106369940257411181,,文字價（自動抽）；圖未逐張核，過閘前請對圖
2026-10-03,439baa3d9b36,ギャラドス,,,,400000,JPY,text,https://x.com/snkrdunk_akiba/status/2106371197852348601,,文字價（自動抽）；圖未逐張核，過閘前請對圖
2026-10-03,0adfe44a5192,ゲンガー,,,,1800000,JPY,text,https://x.com/snkrdunk_akiba/status/2106371197852348601,,文字價（自動抽）；圖未逐張核，過閘前請對圖
2026-10-03,0adfe44a5192,ゲンガー,,,,2500000,JPY,text,https://x.com/snkrdunk_akiba/status/2106371197852348601,,文字價（自動抽）；圖未逐張核，過閘前請對圖
2026-10-03,0adfe44a5192,ゲンガー,,,,500000,JPY,text,https://x.com/snkrdunk_akiba/status/2106371197852348601,,文字價（自動抽）；圖未逐張核，過閘前請對圖
2026-10-03,a5a025e6bbb8,リザードンEX 未開封,,,,1000000,JPY,text,https://x.com/snkrdunk_akiba/status/2106372457175363682,,文字價（自動抽）；圖未逐張核，過閘前請對圖
2026-10-03,327fbc4bbc10,ゲンガーVMAX SA,,,,200000,JPY,text,https://x.com/snkrdunk_akiba/status/2106373713247789320,,文字價（自動抽）；圖未逐張核，過閘前請對圖
2026-10-03,f20b417b76e8,ミュウVMAX SA,,,,120000,JPY,text,https://x.com/snkrdunk_akiba/status/2106373713247789320,,文字價（自動抽）；圖未逐張核，過閘前請對圖
2026-10-03,cd981a9f4d7a,リーフィアVMAX SA,,,,55000,JPY,text,https://x.com/snkrdunk_akiba/status/2106373713247789320,,文字價（自動抽）；圖未逐張核，過閘前請對圖
2026-10-03,aeb3b8008ca9,ルギアV SA,,,,100000,JPY,text,https://x.com/snkrdunk_akiba/status/2106373713247789320,,文字價（自動抽）；圖未逐張核，過閘前請對圖
2026-10-03,7600c7f143e3,メガレックウザex SAR,,,,33000,JPY,text,https://x.com/snkrdunk_akiba/status/2106373716502565104,,文字價（自動抽）；圖未逐張核，過閘前請對圖
2026-10-03,5b11aa4ab3ed,マリオピカチュウ 未開封,,,,5000000,JPY,text,https://x.com/snkrdunk_akiba/status/2106374968623919134,,文字價（自動抽）；圖未逐張核，過閘前請對圖
2026-10-03,36a564d3d86c,ルイージピカチュウ 未開封,,,,2400000,JPY,text,https://x.com/snkrdunk_akiba/status/2106374968623919134,,文字價（自動抽）；圖未逐張核，過閘前請對圖
2026-10-03,f855638b9469,ゼクロムex BWR,,,,65000,JPY,text,https://x.com/snkrdunk_akiba/status/2106378744101487026,,文字價（自動抽）；圖未逐張核，過閘前請對圖
2026-10-03,fa866b60a603,ピカチュウex SAR仕様,,,,120000,JPY,text,https://x.com/snkrdunk_akiba/status/2106378744101487026,,文字價（自動抽）；圖未逐張核，過閘前請對圖
2026-10-03,07cbae54c541,ミュウex SAR,,,,70000,JPY,text,https://x.com/snkrdunk_akiba/status/2106378744101487026,,文字價（自動抽）；圖未逐張核，過閘前請對圖
2026-10-03,96c284f2cd6a,レシラムex BWR,,,,65000,JPY,text,https://x.com/snkrdunk_akiba/status/2106378744101487026,,文字價（自動抽）；圖未逐張核，過閘前請對圖
2026-10-03,08621ffaa5a1,ロケット団のミュウツーex SAR,,,,45000,JPY,text,https://x.com/snkrdunk_akiba/status/2106378744101487026,,文字價（自動抽）；圖未逐張核，過閘前請對圖
2026-10-03,66ea921456ac,メガリザードンex SAR,,,,90000,JPY,text,https://x.com/snkrdunk_akiba/status/2106378747301724262,,文字價（自動抽）；圖未逐張核，過閘前請對圖
2026-10-04,06f356c4c12a,ギャラドスごっこピカチュウ,,,,2500000,JPY,text,https://x.com/snkrdunk_akiba/status/2106534776664629291,,文字價（自動抽）；圖未逐張核，過閘前請對圖
2026-10-04,4bd41f14c13d,ポンチョを着たピカチュウ メガリザX,,,,2500000,JPY,text,https://x.com/snkrdunk_akiba/status/2106534776664629291,,文字價（自動抽）；圖未逐張核，過閘前請對圖
2026-10-04,625fae3a7889,ポンチョを着たピカチュウ レックウザ,,,,3000000,JPY,text,https://x.com/snkrdunk_akiba/status/2106534776664629291,,文字價（自動抽）；圖未逐張核，過閘前請對圖
2026-10-04,6b4db105d038,ゲンガー&ミミッキュGX SA,,,,300000,JPY,text,https://x.com/snkrdunk_akiba/status/2106534785229500904,,文字價（自動抽）；圖未逐張核，過閘前請對圖
2026-10-04,1a2797dcd791,ピカチュウ&ゼクロムGX SA,,,,380000,JPY,text,https://x.com/snkrdunk_akiba/status/2106534785229500904,,文字價（自動抽）；圖未逐張核，過閘前請對圖
2026-10-04,d45284b8c684,ミュウツー&ミュウGX SA,,,,210000,JPY,text,https://x.com/snkrdunk_akiba/status/2106534785229500904,,文字價（自動抽）；圖未逐張核，過閘前請對圖
2026-10-04,ce7cf1ffe122,ラティアス&ラティオスGX SA,,,,680000,JPY,text,https://x.com/snkrdunk_akiba/status/2106534785229500904,,文字價（自動抽）；圖未逐張核，過閘前請對圖
2026-10-04,48993d398bef,メガゲンガーex SAR,,,,40000,JPY,text,https://x.com/snkrdunk_akiba/status/2106534789209804931,,文字價（自動抽）；圖未逐張核，過閘前請對圖
2026-10-04,f13524d0f6ed,スカル団ごっこピカチュウ 未開封,,,,2000000,JPY,text,https://x.com/snkrdunk_akiba/status/2106536031340388372,,文字價（自動抽）；圖未逐張核，過閘前請對圖
2026-10-04,3c9b5a3c5b14,ピカチュウ(たいでん),,,,1800000,JPY,text,https://x.com/snkrdunk_akiba/status/2106537288603947205,,文字價（自動抽）；圖未逐張核，過閘前請對圖
2026-10-04,c327375a6624,ピカチュウ(おいわいパーティ),,,,3500000,JPY,text,https://x.com/snkrdunk_akiba/status/2106538549873111289,,文字價（自動抽）；圖未逐張核，過閘前請對圖
2026-10-04,b9f47de17e94,ゴッホピカチュウ 未開封,,,,250000,JPY,text,https://x.com/snkrdunk_akiba/status/2106539807799480611,,文字價（自動抽）；圖未逐張核，過閘前請對圖
2026-10-04,8c91de0c0251,見返りピカチュウ 未開封,,,,380000,JPY,text,https://x.com/snkrdunk_akiba/status/2106539807799480611,,文字價（自動抽）；圖未逐張核，過閘前請對圖
2026-10-04,725f9e5d2c9f,リザードンVMAX HR 争奪戦 台紙付き,,,,1450000,JPY,text,https://x.com/snkrdunk_akiba/status/2106539811687579845,,文字價（自動抽）；圖未逐張核，過閘前請對圖
2026-10-04,9ee2c2567290,カイオーガ,,,,1200000,JPY,text,https://x.com/snkrdunk_akiba/status/2106542325187174743,,文字價（自動抽）；圖未逐張核，過閘前請對圖
2026-10-04,4ebb5e0d853c,グラードン,,,,1200000,JPY,text,https://x.com/snkrdunk_akiba/status/2106542325187174743,,文字價（自動抽）；圖未逐張核，過閘前請對圖
2026-10-04,0be28d32f2a0,レックウザ,,,,15000000,JPY,text,https://x.com/snkrdunk_akiba/status/2106542325187174743,,文字價（自動抽）；圖未逐張核，過閘前請對圖
2026-10-04,327fbc4bbc10,ゲンガーVMAX SA,,,,200000,JPY,text,https://x.com/snkrdunk_akiba/status/2106542335446437920,,文字價（自動抽）；圖未逐張核，過閘前請對圖
2026-10-04,f20b417b76e8,ミュウVMAX SA,,,,120000,JPY,text,https://x.com/snkrdunk_akiba/status/2106542335446437920,,文字價（自動抽）；圖未逐張核，過閘前請對圖
2026-10-04,cd981a9f4d7a,リーフィアVMAX SA,,,,55000,JPY,text,https://x.com/snkrdunk_akiba/status/2106542335446437920,,文字價（自動抽）；圖未逐張核，過閘前請對圖
2026-10-04,aeb3b8008ca9,ルギアV SA,,,,100000,JPY,text,https://x.com/snkrdunk_akiba/status/2106542335446437920,,文字價（自動抽）；圖未逐張核，過閘前請對圖
2026-10-04,7600c7f143e3,メガレックウザex SAR,,,,33000,JPY,text,https://x.com/snkrdunk_akiba/status/2106542338621526154,,文字價（自動抽）；圖未逐張核，過閘前請對圖
2026-10-04,99e5373af822,アチャモ,,,,7500000,JPY,text,https://x.com/snkrdunk_akiba/status/2106543582350053432,,文字價（自動抽）；圖未逐張核，過閘前請對圖
2026-10-04,6a902bb8660b,キモリ,,,,2500000,JPY,text,https://x.com/snkrdunk_akiba/status/2106543582350053432,,文字價（自動抽）；圖未逐張核，過閘前請對圖
2026-10-04,50668534403a,ミズゴロウ,,,,5000000,JPY,text,https://x.com/snkrdunk_akiba/status/2106543582350053432,,文字價（自動抽）；圖未逐張核，過閘前請對圖
2026-10-04,a5c1b8414aa7,ムンク ピカチュウ,,,,1600000,JPY,text,https://x.com/snkrdunk_akiba/status/2106543586162679853,,文字價（自動抽）；圖未逐張核，過閘前請對圖
2026-10-04,f1e116f6d5bf,ムンク ミミッキュ 未開封,,,,2500000,JPY,text,https://x.com/snkrdunk_akiba/status/2106543586162679853,,文字價（自動抽）；圖未逐張核，過閘前請對圖
2026-10-04,a8f73c071c77,ミュウ,,,,1000000,JPY,text,https://x.com/snkrdunk_akiba/status/2106544843015250399,,文字價（自動抽）；圖未逐張核，過閘前請對圖
2026-10-04,a620d56e36c0,ミュウツー,,,,500000,JPY,text,https://x.com/snkrdunk_akiba/status/2106544843015250399,,文字價（自動抽）；圖未逐張核，過閘前請對圖
2026-10-04,f26677c346b5,リーリエ(エクストラバトルの日),,,,7500000,JPY,text,https://x.com/snkrdunk_akiba/status/2106544847025000936,,文字價（自動抽）；圖未逐張核，過閘前請對圖
2026-10-04,66a6ff593c51,カメックス,,,,250000,JPY,text,https://x.com/snkrdunk_akiba/status/2106546098605371579,,文字價（自動抽）；圖未逐張核，過閘前請對圖
2026-10-04,5accb7d821a9,フシギバナ,,,,200000,JPY,text,https://x.com/snkrdunk_akiba/status/2106546098605371579,,文字價（自動抽）；圖未逐張核，過閘前請對圖
2026-10-04,865d3b47e3e8,リザードン,,,,1700000,JPY,text,https://x.com/snkrdunk_akiba/status/2106546098605371579,,文字價（自動抽）；圖未逐張核，過閘前請對圖
2026-10-04,9e6e0c1a6c80,アセロラ(エクストラバトルの日),,,,2700000,JPY,text,https://x.com/snkrdunk_akiba/status/2106546102451556673,,文字價（自動抽）；圖未逐張核，過閘前請對圖
2026-10-04,66a6ff593c51,カメックス,,,,250000,JPY,text,https://x.com/snkrdunk_akiba/status/2106547358410662398,,文字價（自動抽）；圖未逐張核，過閘前請對圖
2026-10-04,5accb7d821a9,フシギバナ,,,,70000,JPY,text,https://x.com/snkrdunk_akiba/status/2106547358410662398,,文字價（自動抽）；圖未逐張核，過閘前請對圖
2026-10-04,865d3b47e3e8,リザードン,,,,600000,JPY,text,https://x.com/snkrdunk_akiba/status/2106547358410662398,,文字價（自動抽）；圖未逐張核，過閘前請對圖
2026-10-04,bbd984c952a9,サカキの計画 未開封,,,,2700000,JPY,text,https://x.com/snkrdunk_akiba/status/2106547361761964438,,文字價（自動抽）；圖未逐張核，過閘前請對圖
2026-10-04,f60ed40918f2,ロケット団参上 未開封,,,,2500000,JPY,text,https://x.com/snkrdunk_akiba/status/2106547361761964438,,文字價（自動抽）；圖未逐張核，過閘前請對圖
2026-10-04,8f51811e3f7e,わるいカメックス,,,,200000,JPY,text,https://x.com/snkrdunk_akiba/status/2106548613681946735,,文字價（自動抽）；圖未逐張核，過閘前請對圖
2026-10-04,eac622724e56,わるいリザードン,,,,800000,JPY,text,https://x.com/snkrdunk_akiba/status/2106548613681946735,,文字價（自動抽）；圖未逐張核，過閘前請對圖
2026-10-04,5accb7d821a9,フシギバナ,,,,170000,JPY,text,https://x.com/snkrdunk_akiba/status/2106548613681946735,,文字價（自動抽）；圖未逐張核，過閘前請對圖
2026-10-04,2d16ec25b2e9,かんこうきゃく SR,,,,150000,JPY,text,https://x.com/snkrdunk_akiba/status/2106548617507119273,,文字價（自動抽）；圖未逐張核，過閘前請對圖
2026-10-04,6190f07a1d71,アセロラ SR,,,,1200000,JPY,text,https://x.com/snkrdunk_akiba/status/2106548617507119273,,文字價（自動抽）；圖未逐張核，過閘前請對圖
2026-10-04,0238b7b6361b,アローラの仲間たち,,,,350000,JPY,text,https://x.com/snkrdunk_akiba/status/2106548617507119273,,文字價（自動抽）；圖未逐張核，過閘前請對圖
2026-10-04,da3fc0920548,ルチア SR,,,,150000,JPY,text,https://x.com/snkrdunk_akiba/status/2106548617507119273,,文字價（自動抽）；圖未逐張核，過閘前請對圖
2026-10-04,c3964483690e,帽子リーリエ,,,,1000000,JPY,text,https://x.com/snkrdunk_akiba/status/2106548617507119273,,文字價（自動抽）；圖未逐張核，過閘前請對圖
2026-10-04,e63fcdd66330,ゼニガメ,,,,900000,JPY,text,https://x.com/snkrdunk_akiba/status/2106549876985319601,,文字價（自動抽）；圖未逐張核，過閘前請對圖
2026-10-04,6901ccf587d0,チコリータ,,,,110000,JPY,text,https://x.com/snkrdunk_akiba/status/2106549876985319601,,文字價（自動抽）；圖未逐張核，過閘前請對圖
2026-10-04,c3777530dcde,ヒトカゲ,,,,400000,JPY,text,https://x.com/snkrdunk_akiba/status/2106549876985319601,,文字價（自動抽）；圖未逐張核，過閘前請對圖
2026-10-04,f68f7b82cb4e,ピカチュウ,,,,500000,JPY,text,https://x.com/snkrdunk_akiba/status/2106549876985319601,,文字價（自動抽）；圖未逐張核，過閘前請對圖
2026-10-04,f855638b9469,ゼクロムex BWR,,,,70000,JPY,text,https://x.com/snkrdunk_akiba/status/2106549884224704637,,文字價（自動抽）；圖未逐張核，過閘前請對圖
2026-10-04,fa866b60a603,ピカチュウex SAR仕様,,,,120000,JPY,text,https://x.com/snkrdunk_akiba/status/2106549884224704637,,文字價（自動抽）；圖未逐張核，過閘前請對圖
2026-10-04,07cbae54c541,ミュウex SAR,,,,80000,JPY,text,https://x.com/snkrdunk_akiba/status/2106549884224704637,,文字價（自動抽）；圖未逐張核，過閘前請對圖
2026-10-04,96c284f2cd6a,レシラムex BWR,,,,70000,JPY,text,https://x.com/snkrdunk_akiba/status/2106549884224704637,,文字價（自動抽）；圖未逐張核，過閘前請對圖
2026-10-04,08621ffaa5a1,ロケット団のミュウツーex SAR,,,,55000,JPY,text,https://x.com/snkrdunk_akiba/status/2106549884224704637,,文字價（自動抽）；圖未逐張核，過閘前請對圖
2026-10-04,66ea921456ac,メガリザードンex SAR,,,,90000,JPY,text,https://x.com/snkrdunk_akiba/status/2106549887907307791,,文字價（自動抽）；圖未逐張核，過閘前請對圖
2026-10-04,a6bb07c0a59e,ブラッキー,,,,1200000,JPY,text,https://x.com/snkrdunk_akiba/status/2106551129832325379,,文字價（自動抽）；圖未逐張核，過閘前請對圖
2026-10-04,a6bb07c0a59e,ブラッキー,,,,1300000,JPY,text,https://x.com/snkrdunk_akiba/status/2106551129832325379,,文字價（自動抽）；圖未逐張核，過閘前請對圖
2026-10-04,a6bb07c0a59e,ブラッキー,,,,250000,JPY,text,https://x.com/snkrdunk_akiba/status/2106551129832325379,,文字價（自動抽）；圖未逐張核，過閘前請對圖
2026-10-04,a6bb07c0a59e,ブラッキー,,,,600000,JPY,text,https://x.com/snkrdunk_akiba/status/2106551129832325379,,文字價（自動抽）；圖未逐張核，過閘前請對圖
2026-10-04,99a666faebe8,エーフィ グレート,,,,10000000,JPY,text,https://x.com/snkrdunk_akiba/status/2106551133468770815,,文字價（自動抽）；圖未逐張核，過閘前請對圖
2026-10-04,fb21e78767fb,ブラッキー グレート,,,,22000000,JPY,text,https://x.com/snkrdunk_akiba/status/2106551133468770815,,文字價（自動抽）；圖未逐張核，過閘前請對圖
2026-10-04,439baa3d9b36,ギャラドス,,,,400000,JPY,text,https://x.com/snkrdunk_akiba/status/2106552392800178300,,文字價（自動抽）；圖未逐張核，過閘前請對圖
2026-10-04,0adfe44a5192,ゲンガー,,,,1800000,JPY,text,https://x.com/snkrdunk_akiba/status/2106552392800178300,,文字價（自動抽）；圖未逐張核，過閘前請對圖
2026-10-04,0adfe44a5192,ゲンガー,,,,2500000,JPY,text,https://x.com/snkrdunk_akiba/status/2106552392800178300,,文字價（自動抽）；圖未逐張核，過閘前請對圖
2026-10-04,0adfe44a5192,ゲンガー,,,,500000,JPY,text,https://x.com/snkrdunk_akiba/status/2106552392800178300,,文字價（自動抽）；圖未逐張核，過閘前請對圖
2026-10-04,a5a025e6bbb8,リザードンEX 未開封,,,,1000000,JPY,text,https://x.com/snkrdunk_akiba/status/2106553651783430380,,文字價（自動抽）；圖未逐張核，過閘前請對圖
2026-10-04,5b11aa4ab3ed,マリオピカチュウ 未開封,,,,5000000,JPY,text,https://x.com/snkrdunk_akiba/status/2106556163026514004,,文字價（自動抽）；圖未逐張核，過閘前請對圖
2026-10-04,36a564d3d86c,ルイージピカチュウ 未開封,,,,2400000,JPY,text,https://x.com/snkrdunk_akiba/status/2106556163026514004,,文字價（自動抽）；圖未逐張核，過閘前請對圖
2026-10-04,6b4db105d038,ゲンガー&ミミッキュGX SA,,,,280000,JPY,text,https://x.com/snkrdunk_akiba/status/2106557428951367756,,文字價（自動抽）；圖未逐張核，過閘前請對圖
2026-10-04,1a2797dcd791,ピカチュウ&ゼクロムGX SA,,,,380000,JPY,text,https://x.com/snkrdunk_akiba/status/2106557428951367756,,文字價（自動抽）；圖未逐張核，過閘前請對圖
2026-10-04,d45284b8c684,ミュウツー&ミュウGX SA,,,,210000,JPY,text,https://x.com/snkrdunk_akiba/status/2106557428951367756,,文字價（自動抽）；圖未逐張核，過閘前請對圖
2026-10-04,ce7cf1ffe122,ラティアス&ラティオスGX SA,,,,680000,JPY,text,https://x.com/snkrdunk_akiba/status/2106557428951367756,,文字價（自動抽）；圖未逐張核，過閘前請對圖
2026-10-04,48993d398bef,メガゲンガーex SAR,,,,40000,JPY,text,https://x.com/snkrdunk_akiba/status/2106557432579416332,,文字價（自動抽）；圖未逐張核，過閘前請對圖
2026-10-04,327fbc4bbc10,ゲンガーVMAX SA,,,,200000,JPY,text,https://x.com/snkrdunk_akiba/status/2106564981470957850,,文字價（自動抽）；圖未逐張核，過閘前請對圖
2026-10-04,f20b417b76e8,ミュウVMAX SA,,,,120000,JPY,text,https://x.com/snkrdunk_akiba/status/2106564981470957850,,文字價（自動抽）；圖未逐張核，過閘前請對圖
2026-10-04,cd981a9f4d7a,リーフィアVMAX SA,,,,55000,JPY,text,https://x.com/snkrdunk_akiba/status/2106564981470957850,,文字價（自動抽）；圖未逐張核，過閘前請對圖
2026-10-04,aeb3b8008ca9,ルギアV SA,,,,100000,JPY,text,https://x.com/snkrdunk_akiba/status/2106564981470957850,,文字價（自動抽）；圖未逐張核，過閘前請對圖
2026-10-04,7600c7f143e3,メガレックウザex SAR,,,,33000,JPY,text,https://x.com/snkrdunk_akiba/status/2106564985665233119,,文字價（自動抽）；圖未逐張核，過閘前請對圖
2026-10-04,6415a1eb9712,ゲンガー&ミミッキュGX,,,,410000,JPY,text,https://x.com/snkrdunk_akiba/status/2106568130680299721,,文字價（自動抽）；圖未逐張核，過閘前請對圖
2026-10-04,36aa8cdd26f9,ピカチュウ&ゼクロムGX,,,,550000,JPY,text,https://x.com/snkrdunk_akiba/status/2106568130680299721,,文字價（自動抽）；圖未逐張核，過閘前請對圖
2026-10-04,079233ad57e0,ミュウツー&ミュウGX,,,,420000,JPY,text,https://x.com/snkrdunk_akiba/status/2106568130680299721,,文字價（自動抽）；圖未逐張核，過閘前請對圖
2026-10-04,d6faac94a429,ラティアス&ラティオスGX,,,,820000,JPY,text,https://x.com/snkrdunk_akiba/status/2106568130680299721,,文字價（自動抽）；圖未逐張核，過閘前請對圖
2026-10-04,f855638b9469,ゼクロムex BWR,,,,70000,JPY,text,https://x.com/snkrdunk_akiba/status/2106572530551337449,,文字價（自動抽）；圖未逐張核，過閘前請對圖
2026-10-04,fa866b60a603,ピカチュウex SAR仕様,,,,120000,JPY,text,https://x.com/snkrdunk_akiba/status/2106572530551337449,,文字價（自動抽）；圖未逐張核，過閘前請對圖
2026-10-04,07cbae54c541,ミュウex SAR,,,,80000,JPY,text,https://x.com/snkrdunk_akiba/status/2106572530551337449,,文字價（自動抽）；圖未逐張核，過閘前請對圖
2026-10-04,96c284f2cd6a,レシラムex BWR,,,,70000,JPY,text,https://x.com/snkrdunk_akiba/status/2106572530551337449,,文字價（自動抽）；圖未逐張核，過閘前請對圖
2026-10-04,08621ffaa5a1,ロケット団のミュウツーex SAR,,,,55000,JPY,text,https://x.com/snkrdunk_akiba/status/2106572530551337449,,文字價（自動抽）；圖未逐張核，過閘前請對圖
2026-10-04,66ea921456ac,メガリザードンex SAR,,,,90000,JPY,text,https://x.com/snkrdunk_akiba/status/2106572533873156102,,文字價（自動抽）；圖未逐張核，過閘前請對圖
2026-10-04,9dd15cb0c7ad,かんこうきゃく,,,,195000,JPY,text,https://x.com/snkrdunk_akiba/status/2106577045870489783,,文字價（自動抽）；圖未逐張核，過閘前請對圖
2026-10-04,f673b3596a19,ブラッキーVMAX SA,,,,600000,JPY,text,https://x.com/snkrdunk_akiba/status/2106577045870489783,,文字價（自動抽）；圖未逐張核，過閘前請對圖
2026-10-04,dbba14a36f3f,ブラッキーVMAX SA�レックウザVMAX SA,,,,800000,JPY,text,https://x.com/snkrdunk_akiba/status/2106577045870489783,,文字價（自動抽）；圖未逐張核，過閘前請對圖
2026-10-04,cc79fb354645,メガリザードンXex MUR,,,,300000,JPY,text,https://x.com/snkrdunk_akiba/status/2106577045870489783,,文字價（自動抽）；圖未逐張核，過閘前請對圖
2026-10-04,eda8eb56aedd,レックウザVMAX SA,,,,800000,JPY,text,https://x.com/snkrdunk_akiba/status/2106577045870489783,,文字價（自動抽）；圖未逐張核，過閘前請對圖
2026-10-04,38d952f333a0,マリオピカチュウ,,,PSA10,1350000,JPY,text,https://x.com/snkrdunk_akiba/status/2106582906777075886,,文字價（自動抽）；PSA10；圖未逐張核，過閘前請對圖
2026-10-04,de690940c5f0,ムンクピカチュウ,,,PSA10,1950000,JPY,text,https://x.com/snkrdunk_akiba/status/2106582906777075886,,文字價（自動抽）；PSA10；圖未逐張核，過閘前請對圖
2026-10-04,bb1e85e8572f,団員ごっこピカチュウ,,,PSA10,400000,JPY,text,https://x.com/snkrdunk_akiba/status/2106582906777075886,,文字價（自動抽）；PSA10；圖未逐張核，過閘前請對圖
2026-10-04,54dcd2d97cf8,ルイージピカチュウ,,,,2480000,JPY,text,https://x.com/snkrdunk_akiba/status/2106586016551456883,,文字價（自動抽）；圖未逐張核，過閘前請對圖
2026-10-04,06f356c4c12a,ギャラドスごっこピカチュウ,,,,1850000,JPY,text,https://x.com/snkrdunk_akiba/status/2106586846918782987,,文字價（自動抽）；圖未逐張核，過閘前請對圖
2026-10-04,ccf8f4bd2836,ゲンガーEX,,,,1200000,JPY,text,https://x.com/snkrdunk_akiba/status/2106602420545741083,,文字價（自動抽）；圖未逐張核，過閘前請對圖
2026-10-04,ccf8f4bd2836,ゲンガーex,,,,2000000,JPY,text,https://x.com/snkrdunk_akiba/status/2106602420545741083,,文字價（自動抽）；圖未逐張核，過閘前請對圖
2026-10-04,876ad8018a11,ゼニガメ マクドナルド,,,,1300000,JPY,text,https://x.com/snkrdunk_akiba/status/2106602420545741083,,文字價（自動抽）；圖未逐張核，過閘前請對圖
2026-10-04,7e4a5d9e20a2,ルギアEX プラズマ団,,,,2000000,JPY,text,https://x.com/snkrdunk_akiba/status/2106602420545741083,,文字價（自動抽）；圖未逐張核，過閘前請對圖
2026-10-04,42fbb14c00f5,ひかるギャラドス,,,,8500000,JPY,text,https://x.com/snkrdunk_akiba/status/2106610474582413449,,文字價（自動抽）；圖未逐張核，過閘前請對圖
2026-10-04,d33c189aeb8a,ひかるコイキング ファンクラブ,,,,33000000,JPY,text,https://x.com/snkrdunk_akiba/status/2106610474582413449,,文字價（自動抽）；圖未逐張核，過閘前請對圖
2026-10-04,4c5d5d14bfc5,ひかるバンギラス,,,,8000000,JPY,text,https://x.com/snkrdunk_akiba/status/2106610474582413449,,文字價（自動抽）；圖未逐張核，過閘前請對圖
2026-10-04,3dfaf90f0edf,ひかるミュウツー,,,,13000000,JPY,text,https://x.com/snkrdunk_akiba/status/2106610474582413449,,文字價（自動抽）；圖未逐張核，過閘前請對圖
2026-10-04,eba301953f26,ひかるリザードン,,,,27000000,JPY,text,https://x.com/snkrdunk_akiba/status/2106610474582413449,,文字價（自動抽）；圖未逐張核，過閘前請對圖
2026-10-04,df8c8db5d719,オムスター通信交換,,,,7500000,JPY,text,https://x.com/snkrdunk_akiba/status/2106611200113123618,,文字價（自動抽）；圖未逐張核，過閘前請對圖
2026-10-04,e9caf8ecf5c8,ゲンガー通信交換,,,,33000000,JPY,text,https://x.com/snkrdunk_akiba/status/2106611200113123618,,文字價（自動抽）；圖未逐張核，過閘前請對圖
2026-10-04,7f7dd9733343,ゴローニャ通信交換,,,,7500000,JPY,text,https://x.com/snkrdunk_akiba/status/2106611200113123618,,文字價（自動抽）；圖未逐張核，過閘前請對圖
2026-10-04,ec8c087428b0,フーディン通信交換,,,,20000000,JPY,text,https://x.com/snkrdunk_akiba/status/2106611200113123618,,文字價（自動抽）；圖未逐張核，過閘前請對圖
2026-10-04,8f407f58a869,メガリザードンX ex SAR,,,,107000,JPY,text,https://x.com/snkrdunk_akiba/status/2106636746880594382,,文字價（自動抽）；圖未逐張核，過閘前請對圖
2026-10-04,07cbae54c541,ミュウex SAR,,,,107000,JPY,text,https://x.com/snkrdunk_akiba/status/2106639175512674578,,文字價（自動抽）；圖未逐張核，過閘前請對圖
2026-10-04,06f356c4c12a,ギャラドスごっこピカチュウ,,,,2500000,JPY,text,https://x.com/snkrdunk_akiba/status/2106715969569886423,,文字價（自動抽）；圖未逐張核，過閘前請對圖
2026-10-04,4bd41f14c13d,ポンチョを着たピカチュウ メガリザX,,,,2500000,JPY,text,https://x.com/snkrdunk_akiba/status/2106715969569886423,,文字價（自動抽）；圖未逐張核，過閘前請對圖
2026-10-04,625fae3a7889,ポンチョを着たピカチュウ レックウザ,,,,3000000,JPY,text,https://x.com/snkrdunk_akiba/status/2106715969569886423,,文字價（自動抽）；圖未逐張核，過閘前請對圖
2026-10-04,6b4db105d038,ゲンガー&ミミッキュGX SA,,,,300000,JPY,text,https://x.com/snkrdunk_akiba/status/2106715976574410982,,文字價（自動抽）；圖未逐張核，過閘前請對圖
2026-10-04,1a2797dcd791,ピカチュウ&ゼクロムGX SA,,,,380000,JPY,text,https://x.com/snkrdunk_akiba/status/2106715976574410982,,文字價（自動抽）；圖未逐張核，過閘前請對圖
2026-10-04,d45284b8c684,ミュウツー&ミュウGX SA,,,,210000,JPY,text,https://x.com/snkrdunk_akiba/status/2106715976574410982,,文字價（自動抽）；圖未逐張核，過閘前請對圖
2026-10-04,ce7cf1ffe122,ラティアス&ラティオスGX SA,,,,680000,JPY,text,https://x.com/snkrdunk_akiba/status/2106715976574410982,,文字價（自動抽）；圖未逐張核，過閘前請對圖
2026-10-04,48993d398bef,メガゲンガーex SAR,,,,40000,JPY,text,https://x.com/snkrdunk_akiba/status/2106715979904692728,,文字價（自動抽）；圖未逐張核，過閘前請對圖
2026-10-04,f13524d0f6ed,スカル団ごっこピカチュウ 未開封,,,,2000000,JPY,text,https://x.com/snkrdunk_akiba/status/2106717228028899415,,文字價（自動抽）；圖未逐張核，過閘前請對圖
2026-10-04,3c9b5a3c5b14,ピカチュウ(たいでん),,,,1900000,JPY,text,https://x.com/snkrdunk_akiba/status/2106718484726161445,,文字價（自動抽）；圖未逐張核，過閘前請對圖
2026-10-04,c327375a6624,ピカチュウ(おいわいパーティ),,,,3500000,JPY,text,https://x.com/snkrdunk_akiba/status/2106719742027518177,,文字價（自動抽）；圖未逐張核，過閘前請對圖
2026-10-04,725f9e5d2c9f,リザードンVMAX HR 争奪戦 台紙付き,,,,1450000,JPY,text,https://x.com/snkrdunk_akiba/status/2106719745311678929,,文字價（自動抽）；圖未逐張核，過閘前請對圖
2026-10-04,b9f47de17e94,ゴッホピカチュウ 未開封,,,,200000,JPY,text,https://x.com/snkrdunk_akiba/status/2106720998469075095,,文字價（自動抽）；圖未逐張核，過閘前請對圖
2026-10-04,8c91de0c0251,見返りピカチュウ 未開封,,,,350000,JPY,text,https://x.com/snkrdunk_akiba/status/2106720998469075095,,文字價（自動抽）；圖未逐張核，過閘前請對圖
2026-10-04,327fbc4bbc10,ゲンガーVMAX SA,,,,200000,JPY,text,https://x.com/snkrdunk_akiba/status/2106721005091914098,,文字價（自動抽）；圖未逐張核，過閘前請對圖
2026-10-04,f20b417b76e8,ミュウVMAX SA,,,,120000,JPY,text,https://x.com/snkrdunk_akiba/status/2106721005091914098,,文字價（自動抽）；圖未逐張核，過閘前請對圖
2026-10-04,cd981a9f4d7a,リーフィアVMAX SA,,,,55000,JPY,text,https://x.com/snkrdunk_akiba/status/2106721005091914098,,文字價（自動抽）；圖未逐張核，過閘前請對圖
2026-10-04,aeb3b8008ca9,ルギアV SA,,,,100000,JPY,text,https://x.com/snkrdunk_akiba/status/2106721005091914098,,文字價（自動抽）；圖未逐張核，過閘前請對圖
2026-10-04,7600c7f143e3,メガレックウザex SAR,,,,33000,JPY,text,https://x.com/snkrdunk_akiba/status/2106721008271130733,,文字價（自動抽）；圖未逐張核，過閘前請對圖
2026-10-04,9ee2c2567290,カイオーガ,,,,1200000,JPY,text,https://x.com/snkrdunk_akiba/status/2106723521556820305,,文字價（自動抽）；圖未逐張核，過閘前請對圖
2026-10-04,4ebb5e0d853c,グラードン,,,,1200000,JPY,text,https://x.com/snkrdunk_akiba/status/2106723521556820305,,文字價（自動抽）；圖未逐張核，過閘前請對圖
2026-10-04,0be28d32f2a0,レックウザ,,,,15000000,JPY,text,https://x.com/snkrdunk_akiba/status/2106723521556820305,,文字價（自動抽）；圖未逐張核，過閘前請對圖
2026-10-04,a5c1b8414aa7,ムンク ピカチュウ,,,,1600000,JPY,text,https://x.com/snkrdunk_akiba/status/2106723524966846684,,文字價（自動抽）；圖未逐張核，過閘前請對圖
2026-10-04,f1e116f6d5bf,ムンク ミミッキュ 未開封,,,,2500000,JPY,text,https://x.com/snkrdunk_akiba/status/2106723524966846684,,文字價（自動抽）；圖未逐張核，過閘前請對圖
2026-10-04,99e5373af822,アチャモ,,,,7500000,JPY,text,https://x.com/snkrdunk_akiba/status/2106724773216850230,,文字價（自動抽）；圖未逐張核，過閘前請對圖
2026-10-04,6a902bb8660b,キモリ,,,,2500000,JPY,text,https://x.com/snkrdunk_akiba/status/2106724773216850230,,文字價（自動抽）；圖未逐張核，過閘前請對圖
2026-10-04,50668534403a,ミズゴロウ,,,,5000000,JPY,text,https://x.com/snkrdunk_akiba/status/2106724773216850230,,文字價（自動抽）；圖未逐張核，過閘前請對圖
2026-10-04,f26677c346b5,リーリエ(エクストラバトルの日),,,,7500000,JPY,text,https://x.com/snkrdunk_akiba/status/2106724777209786406,,文字價（自動抽）；圖未逐張核，過閘前請對圖
2026-10-04,a8f73c071c77,ミュウ,,,,1000000,JPY,text,https://x.com/snkrdunk_akiba/status/2106726034100122023,,文字價（自動抽）；圖未逐張核，過閘前請對圖
2026-10-04,a620d56e36c0,ミュウツー,,,,500000,JPY,text,https://x.com/snkrdunk_akiba/status/2106726034100122023,,文字價（自動抽）；圖未逐張核，過閘前請對圖
2026-10-04,9e6e0c1a6c80,アセロラ(エクストラバトルの日),,,,2700000,JPY,text,https://x.com/snkrdunk_akiba/status/2106726037782774014,,文字價（自動抽）；圖未逐張核，過閘前請對圖
2026-10-04,f855638b9469,ゼクロムex BWR,,,,60000,JPY,text,https://x.com/snkrdunk_akiba/status/2106726041565991125,,文字價（自動抽）；圖未逐張核，過閘前請對圖
2026-10-04,fa866b60a603,ピカチュウex SAR仕様,,,,120000,JPY,text,https://x.com/snkrdunk_akiba/status/2106726041565991125,,文字價（自動抽）；圖未逐張核，過閘前請對圖
2026-10-04,07cbae54c541,ミュウex SAR,,,,80000,JPY,text,https://x.com/snkrdunk_akiba/status/2106726041565991125,,文字價（自動抽）；圖未逐張核，過閘前請對圖
2026-10-04,96c284f2cd6a,レシラムex BWR,,,,60000,JPY,text,https://x.com/snkrdunk_akiba/status/2106726041565991125,,文字價（自動抽）；圖未逐張核，過閘前請對圖
2026-10-04,08621ffaa5a1,ロケット団のミュウツーex SAR,,,,55000,JPY,text,https://x.com/snkrdunk_akiba/status/2106726041565991125,,文字價（自動抽）；圖未逐張核，過閘前請對圖
2026-10-04,66ea921456ac,メガリザードンex SAR,,,,90000,JPY,text,https://x.com/snkrdunk_akiba/status/2106726044954997221,,文字價（自動抽）；圖未逐張核，過閘前請對圖
2026-10-04,66a6ff593c51,カメックス,,,,250000,JPY,text,https://x.com/snkrdunk_akiba/status/2106727291992858973,,文字價（自動抽）；圖未逐張核，過閘前請對圖
2026-10-04,5accb7d821a9,フシギバナ,,,,200000,JPY,text,https://x.com/snkrdunk_akiba/status/2106727291992858973,,文字價（自動抽）；圖未逐張核，過閘前請對圖
2026-10-04,865d3b47e3e8,リザードン,,,,1700000,JPY,text,https://x.com/snkrdunk_akiba/status/2106727291992858973,,文字價（自動抽）；圖未逐張核，過閘前請對圖
2026-10-04,bbd984c952a9,サカキの計画 未開封,,,,2700000,JPY,text,https://x.com/snkrdunk_akiba/status/2106727295105094027,,文字價（自動抽）；圖未逐張核，過閘前請對圖
2026-10-04,f60ed40918f2,ロケット団参上 未開封,,,,2500000,JPY,text,https://x.com/snkrdunk_akiba/status/2106727295105094027,,文字價（自動抽）；圖未逐張核，過閘前請對圖
2026-10-04,66a6ff593c51,カメックス,,,,250000,JPY,text,https://x.com/snkrdunk_akiba/status/2106728550204399985,,文字價（自動抽）；圖未逐張核，過閘前請對圖
2026-10-04,5accb7d821a9,フシギバナ,,,,70000,JPY,text,https://x.com/snkrdunk_akiba/status/2106728550204399985,,文字價（自動抽）；圖未逐張核，過閘前請對圖
2026-10-04,865d3b47e3e8,リザードン,,,,600000,JPY,text,https://x.com/snkrdunk_akiba/status/2106728550204399985,,文字價（自動抽）；圖未逐張核，過閘前請對圖
2026-10-04,2d16ec25b2e9,かんこうきゃく SR,,,,150000,JPY,text,https://x.com/snkrdunk_akiba/status/2106728553324945784,,文字價（自動抽）；圖未逐張核，過閘前請對圖
2026-10-04,6190f07a1d71,アセロラ SR,,,,1200000,JPY,text,https://x.com/snkrdunk_akiba/status/2106728553324945784,,文字價（自動抽）；圖未逐張核，過閘前請對圖
2026-10-04,0238b7b6361b,アローラの仲間たち,,,,350000,JPY,text,https://x.com/snkrdunk_akiba/status/2106728553324945784,,文字價（自動抽）；圖未逐張核，過閘前請對圖
2026-10-04,da3fc0920548,ルチア SR,,,,150000,JPY,text,https://x.com/snkrdunk_akiba/status/2106728553324945784,,文字價（自動抽）；圖未逐張核，過閘前請對圖
2026-10-04,c3964483690e,帽子リーリエ,,,,1000000,JPY,text,https://x.com/snkrdunk_akiba/status/2106728553324945784,,文字價（自動抽）；圖未逐張核，過閘前請對圖
2026-10-04,8f51811e3f7e,わるいカメックス,,,,200000,JPY,text,https://x.com/snkrdunk_akiba/status/2106729810533969927,,文字價（自動抽）；圖未逐張核，過閘前請對圖
2026-10-04,eac622724e56,わるいリザードン,,,,800000,JPY,text,https://x.com/snkrdunk_akiba/status/2106729810533969927,,文字價（自動抽）；圖未逐張核，過閘前請對圖
2026-10-04,5accb7d821a9,フシギバナ,,,,170000,JPY,text,https://x.com/snkrdunk_akiba/status/2106729810533969927,,文字價（自動抽）；圖未逐張核，過閘前請對圖
2026-10-04,e63fcdd66330,ゼニガメ,,,,900000,JPY,text,https://x.com/snkrdunk_akiba/status/2106731069068415003,,文字價（自動抽）；圖未逐張核，過閘前請對圖
2026-10-04,6901ccf587d0,チコリータ,,,,110000,JPY,text,https://x.com/snkrdunk_akiba/status/2106731069068415003,,文字價（自動抽）；圖未逐張核，過閘前請對圖
2026-10-04,c3777530dcde,ヒトカゲ,,,,400000,JPY,text,https://x.com/snkrdunk_akiba/status/2106731069068415003,,文字價（自動抽）；圖未逐張核，過閘前請對圖
2026-10-04,f68f7b82cb4e,ピカチュウ,,,,500000,JPY,text,https://x.com/snkrdunk_akiba/status/2106731069068415003,,文字價（自動抽）；圖未逐張核，過閘前請對圖
2026-10-04,99a666faebe8,エーフィ グレート,,,,10000000,JPY,text,https://x.com/snkrdunk_akiba/status/2106731072612692027,,文字價（自動抽）；圖未逐張核，過閘前請對圖
2026-10-04,fb21e78767fb,ブラッキー グレート,,,,22000000,JPY,text,https://x.com/snkrdunk_akiba/status/2106731072612692027,,文字價（自動抽）；圖未逐張核，過閘前請對圖
2026-10-04,6b4db105d038,ゲンガー&ミミッキュGX SA,,,,300000,JPY,text,https://x.com/snkrdunk_akiba/status/2106731075993289183,,文字價（自動抽）；圖未逐張核，過閘前請對圖
2026-10-04,1a2797dcd791,ピカチュウ&ゼクロムGX SA,,,,380000,JPY,text,https://x.com/snkrdunk_akiba/status/2106731075993289183,,文字價（自動抽）；圖未逐張核，過閘前請對圖
2026-10-04,d45284b8c684,ミュウツー&ミュウGX SA,,,,210000,JPY,text,https://x.com/snkrdunk_akiba/status/2106731075993289183,,文字價（自動抽）；圖未逐張核，過閘前請對圖
2026-10-04,ce7cf1ffe122,ラティアス&ラティオスGX SA,,,,680000,JPY,text,https://x.com/snkrdunk_akiba/status/2106731075993289183,,文字價（自動抽）；圖未逐張核，過閘前請對圖
2026-10-04,48993d398bef,メガゲンガーex SAR,,,,40000,JPY,text,https://x.com/snkrdunk_akiba/status/2106731080023990539,,文字價（自動抽）；圖未逐張核，過閘前請對圖
2026-10-04,a6bb07c0a59e,ブラッキー,,,,1200000,JPY,text,https://x.com/snkrdunk_akiba/status/2106732327565140045,,文字價（自動抽）；圖未逐張核，過閘前請對圖
2026-10-04,a6bb07c0a59e,ブラッキー,,,,1300000,JPY,text,https://x.com/snkrdunk_akiba/status/2106732327565140045,,文字價（自動抽）；圖未逐張核，過閘前請對圖
2026-10-04,a6bb07c0a59e,ブラッキー,,,,250000,JPY,text,https://x.com/snkrdunk_akiba/status/2106732327565140045,,文字價（自動抽）；圖未逐張核，過閘前請對圖
2026-10-04,a6bb07c0a59e,ブラッキー,,,,600000,JPY,text,https://x.com/snkrdunk_akiba/status/2106732327565140045,,文字價（自動抽）；圖未逐張核，過閘前請對圖
2026-10-04,439baa3d9b36,ギャラドス,,,,400000,JPY,text,https://x.com/snkrdunk_akiba/status/2106733588121301199,,文字價（自動抽）；圖未逐張核，過閘前請對圖
2026-10-04,0adfe44a5192,ゲンガー,,,,1800000,JPY,text,https://x.com/snkrdunk_akiba/status/2106733588121301199,,文字價（自動抽）；圖未逐張核，過閘前請對圖
2026-10-04,0adfe44a5192,ゲンガー,,,,2500000,JPY,text,https://x.com/snkrdunk_akiba/status/2106733588121301199,,文字價（自動抽）；圖未逐張核，過閘前請對圖
2026-10-04,0adfe44a5192,ゲンガー,,,,500000,JPY,text,https://x.com/snkrdunk_akiba/status/2106733588121301199,,文字價（自動抽）；圖未逐張核，過閘前請對圖
2026-10-04,a5a025e6bbb8,リザードンEX 未開封,,,,1000000,JPY,text,https://x.com/snkrdunk_akiba/status/2106733591392850344,,文字價（自動抽）；圖未逐張核，過閘前請對圖
2026-10-04,327fbc4bbc10,ゲンガーVMAX SA,,,,200000,JPY,text,https://x.com/snkrdunk_akiba/status/2106736103462191121,,文字價（自動抽）；圖未逐張核，過閘前請對圖
2026-10-04,f20b417b76e8,ミュウVMAX SA,,,,120000,JPY,text,https://x.com/snkrdunk_akiba/status/2106736103462191121,,文字價（自動抽）；圖未逐張核，過閘前請對圖
2026-10-04,cd981a9f4d7a,リーフィアVMAX SA,,,,55000,JPY,text,https://x.com/snkrdunk_akiba/status/2106736103462191121,,文字價（自動抽）；圖未逐張核，過閘前請對圖
2026-10-04,aeb3b8008ca9,ルギアV SA,,,,100000,JPY,text,https://x.com/snkrdunk_akiba/status/2106736103462191121,,文字價（自動抽）；圖未逐張核，過閘前請對圖
2026-10-04,7600c7f143e3,メガレックウザex SAR,,,,33000,JPY,text,https://x.com/snkrdunk_akiba/status/2106736109103505612,,文字價（自動抽）；圖未逐張核，過閘前請對圖
2026-10-04,5b11aa4ab3ed,マリオピカチュウ 未開封,,,,5000000,JPY,text,https://x.com/snkrdunk_akiba/status/2106737356242047326,,文字價（自動抽）；圖未逐張核，過閘前請對圖
2026-10-04,36a564d3d86c,ルイージピカチュウ 未開封,,,,2400000,JPY,text,https://x.com/snkrdunk_akiba/status/2106737356242047326,,文字價（自動抽）；圖未逐張核，過閘前請對圖
2026-10-04,f855638b9469,ゼクロムex BWR,,,,60000,JPY,text,https://x.com/snkrdunk_akiba/status/2106741132638237139,,文字價（自動抽）；圖未逐張核，過閘前請對圖
2026-10-04,fa866b60a603,ピカチュウex SAR仕様,,,,120000,JPY,text,https://x.com/snkrdunk_akiba/status/2106741132638237139,,文字價（自動抽）；圖未逐張核，過閘前請對圖
2026-10-04,07cbae54c541,ミュウex SAR,,,,70000,JPY,text,https://x.com/snkrdunk_akiba/status/2106741132638237139,,文字價（自動抽）；圖未逐張核，過閘前請對圖
2026-10-04,96c284f2cd6a,レシラムex BWR,,,,60000,JPY,text,https://x.com/snkrdunk_akiba/status/2106741132638237139,,文字價（自動抽）；圖未逐張核，過閘前請對圖
2026-10-04,08621ffaa5a1,ロケット団のミュウツーex SAR,,,,55000,JPY,text,https://x.com/snkrdunk_akiba/status/2106741132638237139,,文字價（自動抽）；圖未逐張核，過閘前請對圖
2026-10-04,66ea921456ac,メガリザードンex SAR,,,,90000,JPY,text,https://x.com/snkrdunk_akiba/status/2106741136400535843,,文字價（自動抽）；圖未逐張核，過閘前請對圖
2026-10-05,189b7451b86e,ゼニガメ,,007/018,PSA10,1300000,JPY,text,https://x.com/snkrdunk_akiba/status/2107041847621378272,,文字價＋卡號；PSA10；圖未對核
2026-10-05,b7373dcd8e83,ヒトカゲ,,004/018,PSA10,400000,JPY,text,https://x.com/snkrdunk_akiba/status/2107041847621378272,,文字價＋卡號；PSA10；圖未對核
2026-10-05,d1e3b8b9d413,フシギダネ,,001/018,PSA10,130000,JPY,text,https://x.com/snkrdunk_akiba/status/2107041847621378272,,文字價＋卡號；PSA10；圖未對核
2026-10-05,06f356c4c12a,ギャラドスごっこピカチュウ,,,,2500000,JPY,text,https://x.com/snkrdunk_akiba/status/2107078358391828977,,文字價（自動抽）；圖未逐張核，過閘前請對圖
2026-10-05,4bd41f14c13d,ポンチョを着たピカチュウ メガリザX,,,,2500000,JPY,text,https://x.com/snkrdunk_akiba/status/2107078358391828977,,文字價（自動抽）；圖未逐張核，過閘前請對圖
2026-10-05,625fae3a7889,ポンチョを着たピカチュウ レックウザ,,,,3000000,JPY,text,https://x.com/snkrdunk_akiba/status/2107078358391828977,,文字價（自動抽）；圖未逐張核，過閘前請對圖
2026-10-05,f13524d0f6ed,スカル団ごっこピカチュウ 未開封,,,,2000000,JPY,text,https://x.com/snkrdunk_akiba/status/2107079614149603619,,文字價（自動抽）；圖未逐張核，過閘前請對圖
2026-10-05,3c9b5a3c5b14,ピカチュウ(たいでん),,,,1900000,JPY,text,https://x.com/snkrdunk_akiba/status/2107080870205255910,,文字價（自動抽）；圖未逐張核，過閘前請對圖
2026-10-05,5b3ecc2b9c1f,ピカチュウ(おいわいパーティ!),,,,3500000,JPY,text,https://x.com/snkrdunk_akiba/status/2107082135714807867,,文字價（自動抽）；圖未逐張核，過閘前請對圖
2026-10-05,725f9e5d2c9f,リザードンVMAX HR 争奪戦 台紙付き,,,,1450000,JPY,text,https://x.com/snkrdunk_akiba/status/2107082139464511816,,文字價（自動抽）；圖未逐張核，過閘前請對圖
2026-10-05,b9f47de17e94,ゴッホピカチュウ 未開封,,,,200000,JPY,text,https://x.com/snkrdunk_akiba/status/2107083389316796606,,文字價（自動抽）；圖未逐張核，過閘前請對圖
2026-10-05,8c91de0c0251,見返りピカチュウ 未開封,,,,350000,JPY,text,https://x.com/snkrdunk_akiba/status/2107083389316796606,,文字價（自動抽）；圖未逐張核，過閘前請對圖
2026-10-05,8b5300e2d378,カイオーガ☆,,,,1200000,JPY,text,https://x.com/snkrdunk_akiba/status/2107085907384046055,,文字價（自動抽）；圖未逐張核，過閘前請對圖
2026-10-05,ad57400ab372,グラードン☆,,,,1200000,JPY,text,https://x.com/snkrdunk_akiba/status/2107085907384046055,,文字價（自動抽）；圖未逐張核，過閘前請對圖
2026-10-05,e1a79f10721c,レックウザ☆,,,,15000000,JPY,text,https://x.com/snkrdunk_akiba/status/2107085907384046055,,文字價（自動抽）；圖未逐張核，過閘前請對圖
2026-10-05,a5c1b8414aa7,ムンク ピカチュウ,,,,1600000,JPY,text,https://x.com/snkrdunk_akiba/status/2107085910970081332,,文字價（自動抽）；圖未逐張核，過閘前請對圖
2026-10-05,f1e116f6d5bf,ムンク ミミッキュ 未開封,,,,2500000,JPY,text,https://x.com/snkrdunk_akiba/status/2107085910970081332,,文字價（自動抽）；圖未逐張核，過閘前請對圖
2026-10-05,68231ee49c09,アチャモ☆,,,,7500000,JPY,text,https://x.com/snkrdunk_akiba/status/2107087164085588144,,文字價（自動抽）；圖未逐張核，過閘前請對圖
2026-10-05,88a801e8d024,キモリ☆,,,,2500000,JPY,text,https://x.com/snkrdunk_akiba/status/2107087164085588144,,文字價（自動抽）；圖未逐張核，過閘前請對圖
2026-10-05,c000ea2c220f,ミズゴロウ☆,,,,5000000,JPY,text,https://x.com/snkrdunk_akiba/status/2107087164085588144,,文字價（自動抽）；圖未逐張核，過閘前請對圖
2026-10-05,f26677c346b5,リーリエ(エクストラバトルの日),,,,7500000,JPY,text,https://x.com/snkrdunk_akiba/status/2107087167688450051,,文字價（自動抽）；圖未逐張核，過閘前請對圖
2026-10-05,a8f73c071c77,ミュウ,,,,1000000,JPY,text,https://x.com/snkrdunk_akiba/status/2107088420212441118,,文字價（自動抽）；圖未逐張核，過閘前請對圖
2026-10-05,a620d56e36c0,ミュウツー,,,,500000,JPY,text,https://x.com/snkrdunk_akiba/status/2107088420212441118,,文字價（自動抽）；圖未逐張核，過閘前請對圖
2026-10-05,9e6e0c1a6c80,アセロラ(エクストラバトルの日),,,,2700000,JPY,text,https://x.com/snkrdunk_akiba/status/2107088424100622506,,文字價（自動抽）；圖未逐張核，過閘前請對圖
2026-10-05,66a6ff593c51,カメックス,,,,250000,JPY,text,https://x.com/snkrdunk_akiba/status/2107089680135283082,,文字價（自動抽）；圖未逐張核，過閘前請對圖
2026-10-05,5accb7d821a9,フシギバナ,,,,200000,JPY,text,https://x.com/snkrdunk_akiba/status/2107089680135283082,,文字價（自動抽）；圖未逐張核，過閘前請對圖
2026-10-05,865d3b47e3e8,リザードン,,,,1700000,JPY,text,https://x.com/snkrdunk_akiba/status/2107089680135283082,,文字價（自動抽）；圖未逐張核，過閘前請對圖
2026-10-05,bbd984c952a9,サカキの計画 未開封,,,,2700000,JPY,text,https://x.com/snkrdunk_akiba/status/2107089684061122733,,文字價（自動抽）；圖未逐張核，過閘前請對圖
2026-10-05,d60d1139f63a,ロケット団参上! 未開封,,,,2500000,JPY,text,https://x.com/snkrdunk_akiba/status/2107089684061122733,,文字價（自動抽）；圖未逐張核，過閘前請對圖
2026-10-05,66a6ff593c51,カメックス,,,,250000,JPY,text,https://x.com/snkrdunk_akiba/status/2107090936706871628,,文字價（自動抽）；圖未逐張核，過閘前請對圖
2026-10-05,5accb7d821a9,フシギバナ,,,,70000,JPY,text,https://x.com/snkrdunk_akiba/status/2107090936706871628,,文字價（自動抽）；圖未逐張核，過閘前請對圖
2026-10-05,865d3b47e3e8,リザードン,,,,600000,JPY,text,https://x.com/snkrdunk_akiba/status/2107090936706871628,,文字價（自動抽）；圖未逐張核，過閘前請對圖
2026-10-05,2d16ec25b2e9,かんこうきゃく SR,,,,150000,JPY,text,https://x.com/snkrdunk_akiba/status/2107090941014393244,,文字價（自動抽）；圖未逐張核，過閘前請對圖
2026-10-05,6190f07a1d71,アセロラ SR,,,,1200000,JPY,text,https://x.com/snkrdunk_akiba/status/2107090941014393244,,文字價（自動抽）；圖未逐張核，過閘前請對圖
2026-10-05,0238b7b6361b,アローラの仲間たち,,,,350000,JPY,text,https://x.com/snkrdunk_akiba/status/2107090941014393244,,文字價（自動抽）；圖未逐張核，過閘前請對圖
2026-10-05,da3fc0920548,ルチア SR,,,,150000,JPY,text,https://x.com/snkrdunk_akiba/status/2107090941014393244,,文字價（自動抽）；圖未逐張核，過閘前請對圖
2026-10-05,c3964483690e,帽子リーリエ,,,,1000000,JPY,text,https://x.com/snkrdunk_akiba/status/2107090941014393244,,文字價（自動抽）；圖未逐張核，過閘前請對圖
2026-10-05,8f51811e3f7e,わるいカメックス,,,,200000,JPY,text,https://x.com/snkrdunk_akiba/status/2107092199179739384,,文字價（自動抽）；圖未逐張核，過閘前請對圖
2026-10-05,eac622724e56,わるいリザードン,,,,800000,JPY,text,https://x.com/snkrdunk_akiba/status/2107092199179739384,,文字價（自動抽）；圖未逐張核，過閘前請對圖
2026-10-05,5accb7d821a9,フシギバナ,,,,170000,JPY,text,https://x.com/snkrdunk_akiba/status/2107092199179739384,,文字價（自動抽）；圖未逐張核，過閘前請對圖
2026-10-05,e63fcdd66330,ゼニガメ,,,,900000,JPY,text,https://x.com/snkrdunk_akiba/status/2107093458028806373,,文字價（自動抽）；圖未逐張核，過閘前請對圖
2026-10-05,6901ccf587d0,チコリータ,,,,110000,JPY,text,https://x.com/snkrdunk_akiba/status/2107093458028806373,,文字價（自動抽）；圖未逐張核，過閘前請對圖
2026-10-05,c3777530dcde,ヒトカゲ,,,,400000,JPY,text,https://x.com/snkrdunk_akiba/status/2107093458028806373,,文字價（自動抽）；圖未逐張核，過閘前請對圖
2026-10-05,f68f7b82cb4e,ピカチュウ,,,,500000,JPY,text,https://x.com/snkrdunk_akiba/status/2107093458028806373,,文字價（自動抽）；圖未逐張核，過閘前請對圖
2026-10-05,99a666faebe8,エーフィ グレート,,,,10000000,JPY,text,https://x.com/snkrdunk_akiba/status/2107093461644267546,,文字價（自動抽）；圖未逐張核，過閘前請對圖
2026-10-05,fb21e78767fb,ブラッキー グレート,,,,22000000,JPY,text,https://x.com/snkrdunk_akiba/status/2107093461644267546,,文字價（自動抽）；圖未逐張核，過閘前請對圖
2026-10-05,6b4db105d038,ゲンガー&ミミッキュGX SA,,,,300000,JPY,text,https://x.com/snkrdunk_akiba/status/2107093465565913556,,文字價（自動抽）；圖未逐張核，過閘前請對圖
2026-10-05,1a2797dcd791,ピカチュウ&ゼクロムGX SA,,,,380000,JPY,text,https://x.com/snkrdunk_akiba/status/2107093465565913556,,文字價（自動抽）；圖未逐張核，過閘前請對圖
2026-10-05,d45284b8c684,ミュウツー&ミュウGX SA,,,,210000,JPY,text,https://x.com/snkrdunk_akiba/status/2107093465565913556,,文字價（自動抽）；圖未逐張核，過閘前請對圖
2026-10-05,ce7cf1ffe122,ラティアス&ラティオスGX SA,,,,680000,JPY,text,https://x.com/snkrdunk_akiba/status/2107093465565913556,,文字價（自動抽）；圖未逐張核，過閘前請對圖
2026-10-05,48993d398bef,メガゲンガーex SAR,,,,40000,JPY,text,https://x.com/snkrdunk_akiba/status/2107093469273735570,,文字價（自動抽）；圖未逐張核，過閘前請對圖
2026-10-05,a6bb07c0a59e,ブラッキー,,,,1200000,JPY,text,https://x.com/snkrdunk_akiba/status/2107094713321091556,,文字價（自動抽）；圖未逐張核，過閘前請對圖
2026-10-05,a6bb07c0a59e,ブラッキー,,,,1300000,JPY,text,https://x.com/snkrdunk_akiba/status/2107094713321091556,,文字價（自動抽）；圖未逐張核，過閘前請對圖
2026-10-05,a6bb07c0a59e,ブラッキー,,,,250000,JPY,text,https://x.com/snkrdunk_akiba/status/2107094713321091556,,文字價（自動抽）；圖未逐張核，過閘前請對圖
2026-10-05,a6bb07c0a59e,ブラッキー,,,,600000,JPY,text,https://x.com/snkrdunk_akiba/status/2107094713321091556,,文字價（自動抽）；圖未逐張核，過閘前請對圖
2026-10-05,439baa3d9b36,ギャラドス,,,,400000,JPY,text,https://x.com/snkrdunk_akiba/status/2107095974305034382,,文字價（自動抽）；圖未逐張核，過閘前請對圖
2026-10-05,0adfe44a5192,ゲンガー,,,,1800000,JPY,text,https://x.com/snkrdunk_akiba/status/2107095974305034382,,文字價（自動抽）；圖未逐張核，過閘前請對圖
2026-10-05,0adfe44a5192,ゲンガー,,,,2500000,JPY,text,https://x.com/snkrdunk_akiba/status/2107095974305034382,,文字價（自動抽）；圖未逐張核，過閘前請對圖
2026-10-05,0adfe44a5192,ゲンガー,,,,500000,JPY,text,https://x.com/snkrdunk_akiba/status/2107095974305034382,,文字價（自動抽）；圖未逐張核，過閘前請對圖
2026-10-05,a5a025e6bbb8,リザードンEX 未開封,,,,1000000,JPY,text,https://x.com/snkrdunk_akiba/status/2107095977987620899,,文字價（自動抽）；圖未逐張核，過閘前請對圖
2026-10-05,327fbc4bbc10,ゲンガーVMAX SA,,,,200000,JPY,text,https://x.com/snkrdunk_akiba/status/2107098492405694856,,文字價（自動抽）；圖未逐張核，過閘前請對圖
2026-10-05,f20b417b76e8,ミュウVMAX SA,,,,120000,JPY,text,https://x.com/snkrdunk_akiba/status/2107098492405694856,,文字價（自動抽）；圖未逐張核，過閘前請對圖
2026-10-05,cd981a9f4d7a,リーフィアVMAX SA,,,,55000,JPY,text,https://x.com/snkrdunk_akiba/status/2107098492405694856,,文字價（自動抽）；圖未逐張核，過閘前請對圖
2026-10-05,aeb3b8008ca9,ルギアV SA,,,,100000,JPY,text,https://x.com/snkrdunk_akiba/status/2107098492405694856,,文字價（自動抽）；圖未逐張核，過閘前請對圖
2026-10-05,7600c7f143e3,メガレックウザex SAR,,,,33000,JPY,text,https://x.com/snkrdunk_akiba/status/2107098496235090143,,文字價（自動抽）；圖未逐張核，過閘前請對圖
2026-10-05,5b11aa4ab3ed,マリオピカチュウ 未開封,,,,5000000,JPY,text,https://x.com/snkrdunk_akiba/status/2107099744942399692,,文字價（自動抽）；圖未逐張核，過閘前請對圖
2026-10-05,36a564d3d86c,ルイージピカチュウ 未開封,,,,2400000,JPY,text,https://x.com/snkrdunk_akiba/status/2107099744942399692,,文字價（自動抽）；圖未逐張核，過閘前請對圖
2026-10-05,f855638b9469,ゼクロムex BWR,,,,60000,JPY,text,https://x.com/snkrdunk_akiba/status/2107103520961011878,,文字價（自動抽）；圖未逐張核，過閘前請對圖
2026-10-05,fa866b60a603,ピカチュウex SAR仕様,,,,120000,JPY,text,https://x.com/snkrdunk_akiba/status/2107103520961011878,,文字價（自動抽）；圖未逐張核，過閘前請對圖
2026-10-05,07cbae54c541,ミュウex SAR,,,,70000,JPY,text,https://x.com/snkrdunk_akiba/status/2107103520961011878,,文字價（自動抽）；圖未逐張核，過閘前請對圖
2026-10-05,96c284f2cd6a,レシラムex BWR,,,,60000,JPY,text,https://x.com/snkrdunk_akiba/status/2107103520961011878,,文字價（自動抽）；圖未逐張核，過閘前請對圖
2026-10-05,08621ffaa5a1,ロケット団のミュウツーex SAR,,,,55000,JPY,text,https://x.com/snkrdunk_akiba/status/2107103520961011878,,文字價（自動抽）；圖未逐張核，過閘前請對圖
2026-10-05,66ea921456ac,メガリザードンex SAR,,,,90000,JPY,text,https://x.com/snkrdunk_akiba/status/2107103524358422697,,文字價（自動抽）；圖未逐張核，過閘前請對圖
2026-10-06,a8f73c071c77,ミュウ,,,,1000000,JPY,text,https://x.com/snkrdunk_akiba/status/2107450822129045966,,文字價（自動抽）；圖未逐張核，過閘前請對圖
2026-10-06,a620d56e36c0,ミュウツー,,,,500000,JPY,text,https://x.com/snkrdunk_akiba/status/2107450822129045966,,文字價（自動抽）；圖未逐張核，過閘前請對圖
2026-10-06,f26677c346b5,リーリエ(エクストラバトルの日),,,,7500000,JPY,text,https://x.com/snkrdunk_akiba/status/2107450825408917892,,文字價（自動抽）；圖未逐張核，過閘前請對圖
2026-10-06,66a6ff593c51,カメックス,,,,250000,JPY,text,https://x.com/snkrdunk_akiba/status/2107452074632114546,,文字價（自動抽）；圖未逐張核，過閘前請對圖
2026-10-06,5accb7d821a9,フシギバナ,,,,200000,JPY,text,https://x.com/snkrdunk_akiba/status/2107452074632114546,,文字價（自動抽）；圖未逐張核，過閘前請對圖
2026-10-06,865d3b47e3e8,リザードン,,,,1700000,JPY,text,https://x.com/snkrdunk_akiba/status/2107452074632114546,,文字價（自動抽）；圖未逐張核，過閘前請對圖
2026-10-06,9e6e0c1a6c80,アセロラ(エクストラバトルの日),,,,2700000,JPY,text,https://x.com/snkrdunk_akiba/status/2107452078780211349,,文字價（自動抽）；圖未逐張核，過閘前請對圖
2026-10-06,66a6ff593c51,カメックス,,,,250000,JPY,text,https://x.com/snkrdunk_akiba/status/2107453334709997818,,文字價（自動抽）；圖未逐張核，過閘前請對圖
2026-10-06,5accb7d821a9,フシギバナ,,,,70000,JPY,text,https://x.com/snkrdunk_akiba/status/2107453334709997818,,文字價（自動抽）；圖未逐張核，過閘前請對圖
2026-10-06,865d3b47e3e8,リザードン,,,,600000,JPY,text,https://x.com/snkrdunk_akiba/status/2107453334709997818,,文字價（自動抽）；圖未逐張核，過閘前請對圖
2026-10-06,bbd984c952a9,サカキの計画 未開封,,,,2700000,JPY,text,https://x.com/snkrdunk_akiba/status/2107453337763516824,,文字價（自動抽）；圖未逐張核，過閘前請對圖
2026-10-06,d60d1139f63a,ロケット団参上! 未開封,,,,2500000,JPY,text,https://x.com/snkrdunk_akiba/status/2107453337763516824,,文字價（自動抽）；圖未逐張核，過閘前請對圖
2026-10-06,8f51811e3f7e,わるいカメックス,,,,200000,JPY,text,https://x.com/snkrdunk_akiba/status/2107454590514000323,,文字價（自動抽）；圖未逐張核，過閘前請對圖
2026-10-06,eac622724e56,わるいリザードン,,,,800000,JPY,text,https://x.com/snkrdunk_akiba/status/2107454590514000323,,文字價（自動抽）；圖未逐張核，過閘前請對圖
2026-10-06,5accb7d821a9,フシギバナ,,,,170000,JPY,text,https://x.com/snkrdunk_akiba/status/2107454590514000323,,文字價（自動抽）；圖未逐張核，過閘前請對圖
2026-10-06,2d16ec25b2e9,かんこうきゃく SR,,,,150000,JPY,text,https://x.com/snkrdunk_akiba/status/2107454593798111546,,文字價（自動抽）；圖未逐張核，過閘前請對圖
2026-10-06,6190f07a1d71,アセロラ SR,,,,1200000,JPY,text,https://x.com/snkrdunk_akiba/status/2107454593798111546,,文字價（自動抽）；圖未逐張核，過閘前請對圖
2026-10-06,0238b7b6361b,アローラの仲間たち,,,,350000,JPY,text,https://x.com/snkrdunk_akiba/status/2107454593798111546,,文字價（自動抽）；圖未逐張核，過閘前請對圖
2026-10-06,da3fc0920548,ルチア SR,,,,150000,JPY,text,https://x.com/snkrdunk_akiba/status/2107454593798111546,,文字價（自動抽）；圖未逐張核，過閘前請對圖
2026-10-06,c3964483690e,帽子リーリエ,,,,1000000,JPY,text,https://x.com/snkrdunk_akiba/status/2107454593798111546,,文字價（自動抽）；圖未逐張核，過閘前請對圖
2026-10-06,e63fcdd66330,ゼニガメ,,,,900000,JPY,text,https://x.com/snkrdunk_akiba/status/2107455859441955030,,文字價（自動抽）；圖未逐張核，過閘前請對圖
2026-10-06,6901ccf587d0,チコリータ,,,,110000,JPY,text,https://x.com/snkrdunk_akiba/status/2107455859441955030,,文字價（自動抽）；圖未逐張核，過閘前請對圖
2026-10-06,c3777530dcde,ヒトカゲ,,,,400000,JPY,text,https://x.com/snkrdunk_akiba/status/2107455859441955030,,文字價（自動抽）；圖未逐張核，過閘前請對圖
2026-10-06,f68f7b82cb4e,ピカチュウ,,,,500000,JPY,text,https://x.com/snkrdunk_akiba/status/2107455859441955030,,文字價（自動抽）；圖未逐張核，過閘前請對圖
2026-10-06,6b4db105d038,ゲンガー&ミミッキュGX SA,,,,300000,JPY,text,https://x.com/snkrdunk_akiba/status/2107455865909662166,,文字價（自動抽）；圖未逐張核，過閘前請對圖
2026-10-06,1a2797dcd791,ピカチュウ&ゼクロムGX SA,,,,450000,JPY,text,https://x.com/snkrdunk_akiba/status/2107455865909662166,,文字價（自動抽）；圖未逐張核，過閘前請對圖
2026-10-06,d45284b8c684,ミュウツー&ミュウGX SA,,,,350000,JPY,text,https://x.com/snkrdunk_akiba/status/2107455865909662166,,文字價（自動抽）；圖未逐張核，過閘前請對圖
2026-10-06,ce7cf1ffe122,ラティアス&ラティオスGX SA,,,,720000,JPY,text,https://x.com/snkrdunk_akiba/status/2107455865909662166,,文字價（自動抽）；圖未逐張核，過閘前請對圖
2026-10-06,48993d398bef,メガゲンガーex SAR,,,,45000,JPY,text,https://x.com/snkrdunk_akiba/status/2107455869218861170,,文字價（自動抽）；圖未逐張核，過閘前請對圖
2026-10-06,a6bb07c0a59e,ブラッキー,,,,1200000,JPY,text,https://x.com/snkrdunk_akiba/status/2107457110695149980,,文字價（自動抽）；圖未逐張核，過閘前請對圖
2026-10-06,a6bb07c0a59e,ブラッキー,,,,1300000,JPY,text,https://x.com/snkrdunk_akiba/status/2107457110695149980,,文字價（自動抽）；圖未逐張核，過閘前請對圖
2026-10-06,a6bb07c0a59e,ブラッキー,,,,250000,JPY,text,https://x.com/snkrdunk_akiba/status/2107457110695149980,,文字價（自動抽）；圖未逐張核，過閘前請對圖
2026-10-06,a6bb07c0a59e,ブラッキー,,,,600000,JPY,text,https://x.com/snkrdunk_akiba/status/2107457110695149980,,文字價（自動抽）；圖未逐張核，過閘前請對圖
2026-10-06,99a666faebe8,エーフィ グレート,,,,10000000,JPY,text,https://x.com/snkrdunk_akiba/status/2107457114096783657,,文字價（自動抽）；圖未逐張核，過閘前請對圖
2026-10-06,fb21e78767fb,ブラッキー グレート,,,,22000000,JPY,text,https://x.com/snkrdunk_akiba/status/2107457114096783657,,文字價（自動抽）；圖未逐張核，過閘前請對圖
2026-10-06,439baa3d9b36,ギャラドス,,,,400000,JPY,text,https://x.com/snkrdunk_akiba/status/2107458368826921414,,文字價（自動抽）；圖未逐張核，過閘前請對圖
2026-10-06,0adfe44a5192,ゲンガー,,,,1800000,JPY,text,https://x.com/snkrdunk_akiba/status/2107458368826921414,,文字價（自動抽）；圖未逐張核，過閘前請對圖
2026-10-06,0adfe44a5192,ゲンガー,,,,2500000,JPY,text,https://x.com/snkrdunk_akiba/status/2107458368826921414,,文字價（自動抽）；圖未逐張核，過閘前請對圖
2026-10-06,0adfe44a5192,ゲンガー,,,,500000,JPY,text,https://x.com/snkrdunk_akiba/status/2107458368826921414,,文字價（自動抽）；圖未逐張核，過閘前請對圖
2026-10-06,a5a025e6bbb8,リザードンEX 未開封,,,,1000000,JPY,text,https://x.com/snkrdunk_akiba/status/2107459631245296058,,文字價（自動抽）；圖未逐張核，過閘前請對圖
2026-10-06,327fbc4bbc10,ゲンガーVMAX SA,,,,200000,JPY,text,https://x.com/snkrdunk_akiba/status/2107460892820644040,,文字價（自動抽）；圖未逐張核，過閘前請對圖
2026-10-06,f20b417b76e8,ミュウVMAX SA,,,,120000,JPY,text,https://x.com/snkrdunk_akiba/status/2107460892820644040,,文字價（自動抽）；圖未逐張核，過閘前請對圖
2026-10-06,cd981a9f4d7a,リーフィアVMAX SA,,,,60000,JPY,text,https://x.com/snkrdunk_akiba/status/2107460892820644040,,文字價（自動抽）；圖未逐張核，過閘前請對圖
2026-10-06,aeb3b8008ca9,ルギアV SA,,,,100000,JPY,text,https://x.com/snkrdunk_akiba/status/2107460892820644040,,文字價（自動抽）；圖未逐張核，過閘前請對圖
2026-10-06,7600c7f143e3,メガレックウザex SAR,,,,33000,JPY,text,https://x.com/snkrdunk_akiba/status/2107460896062910969,,文字價（自動抽）；圖未逐張核，過閘前請對圖
2026-10-06,5b11aa4ab3ed,マリオピカチュウ 未開封,,,,5000000,JPY,text,https://x.com/snkrdunk_akiba/status/2107462138289889579,,文字價（自動抽）；圖未逐張核，過閘前請對圖
2026-10-06,36a564d3d86c,ルイージピカチュウ 未開封,,,,2400000,JPY,text,https://x.com/snkrdunk_akiba/status/2107462138289889579,,文字價（自動抽）；圖未逐張核，過閘前請對圖
2026-10-06,f855638b9469,ゼクロムex BWR,,,,60000,JPY,text,https://x.com/snkrdunk_akiba/status/2107465915243843756,,文字價（自動抽）；圖未逐張核，過閘前請對圖
2026-10-06,fa866b60a603,ピカチュウex SAR仕様,,,,120000,JPY,text,https://x.com/snkrdunk_akiba/status/2107465915243843756,,文字價（自動抽）；圖未逐張核，過閘前請對圖
2026-10-06,07cbae54c541,ミュウex SAR,,,,85000,JPY,text,https://x.com/snkrdunk_akiba/status/2107465915243843756,,文字價（自動抽）；圖未逐張核，過閘前請對圖
2026-10-06,96c284f2cd6a,レシラムex BWR,,,,60000,JPY,text,https://x.com/snkrdunk_akiba/status/2107465915243843756,,文字價（自動抽）；圖未逐張核，過閘前請對圖
2026-10-06,08621ffaa5a1,ロケット団のミュウツーex SAR,,,,55000,JPY,text,https://x.com/snkrdunk_akiba/status/2107465915243843756,,文字價（自動抽）；圖未逐張核，過閘前請對圖
2026-10-06,66ea921456ac,メガリザードンex SAR,,,,95000,JPY,text,https://x.com/snkrdunk_akiba/status/2107465919291338846,,文字價（自動抽）；圖未逐張核，過閘前請對圖
2026-10-07,f6bab41a4ea1,ニンフィアVMAX,,,PSA10,720000,JPY,text,https://x.com/snkrdunk_akiba/status/2107669398467281175,,"文字價；同日另一帖 ¥205,000 — 衝突未核圖前兩行並存"
2026-10-07,c9d2381cef46,かんこうきゃく,,,PSA10,235000,JPY,text,https://x.com/snkrdunk_akiba/status/2107704577420349665,,文字價
2026-10-07,466b9b147057,エリカのおもてなし,,,PSA10,140000,JPY,text,https://x.com/snkrdunk_akiba/status/2107704577420349665,,文字價
2026-10-07,8cf792081013,スイレン,,,PSA10,180000,JPY,text,https://x.com/snkrdunk_akiba/status/2107704577420349665,,文字價
2026-10-07,10c2434f3654,ルチア,,,PSA10,230000,JPY,text,https://x.com/snkrdunk_akiba/status/2107704577420349665,,文字價；支援卡
2026-10-07,ae25d0ff81e6,黒ルザミーネ,,,PSA10,480000,JPY,text,https://x.com/snkrdunk_akiba/status/2107704577420349665,,文字價
2026-10-07,4bad01ad0674,ゲンガー＆ミミッキュGX,,,PSA10,470000,JPY,text,https://x.com/snkrdunk_akiba/status/2107707177536553285,,文字價
2026-10-07,fb5860128735,ピカチュウ＆ゼクロムGX,,,PSA10,680000,JPY,text,https://x.com/snkrdunk_akiba/status/2107707177536553285,,文字價
2026-10-07,947708476b70,ファイヤー＆サンダー＆フリーザーGX,,,PSA10,490000,JPY,text,https://x.com/snkrdunk_akiba/status/2107707177536553285,,文字價
2026-10-07,09dacd5d75f0,ミュウツー＆ミュウGX,,,PSA10,500000,JPY,text,https://x.com/snkrdunk_akiba/status/2107707177536553285,,文字價
2026-10-07,f8f8beee5158,ラティオス＆ラティオスGX,,,PSA10,970000,JPY,text,https://x.com/snkrdunk_akiba/status/2107707177536553285,,文字價；原文寫兩次ラティオス，應為ラティアス＆ラティオス
2026-10-07,0a594cb40ef9,グレイシアVMAX,,,PSA10,140000,JPY,text,https://x.com/snkrdunk_akiba/status/2107710499706294670,,文字價
2026-10-07,4823ce947996,サンダースVMAX,,,PSA10,860000,JPY,text,https://x.com/snkrdunk_akiba/status/2107710499706294670,,文字價
2026-10-07,c18fe2946e52,シャワーズVMAX,,,PSA10,870000,JPY,text,https://x.com/snkrdunk_akiba/status/2107710499706294670,,文字價
2026-10-07,f6bab41a4ea1,ニンフィアVMAX,,,PSA10,205000,JPY,text,https://x.com/snkrdunk_akiba/status/2107710499706294670,,"文字價；同日另一帖 ¥720,000 — 衝突未核圖前兩行並存"
2026-10-07,7cbe4c33f65e,ブラッキーVMAX,,,PSA10,720000,JPY,text,https://x.com/snkrdunk_akiba/status/2107710499706294670,,文字價
2026-10-07,b857d1c0590a,ブースターVMAX,,,PSA10,730000,JPY,text,https://x.com/snkrdunk_akiba/status/2107710499706294670,,文字價
2026-10-07,0e54e7b66f9f,ニンフィアEX（1ED）,,,PSA10,370000,JPY,text,https://x.com/snkrdunk_akiba/status/2107718227673637107,,"文字價；帖內另一行同名 ¥95,000 — 可能唔同藝術／版本，未分清前兩行並存"
2026-10-07,0e54e7b66f9f,ニンフィアEX（1ED）,,,PSA10,95000,JPY,text,https://x.com/snkrdunk_akiba/status/2107718227673637107,,文字價；同帖另一價；版本差異未核，notes 標清
2026-10-07,0e60321b223f,ブースターEX（1ED）,,,PSA10,390000,JPY,text,https://x.com/snkrdunk_akiba/status/2107718227673637107,,文字價；同帖有另一張ニンフィアEX 1ED 兩個價，notes 見下
2026-10-07,f965dd14b3be,ゲッコウガex SAR,,,PSA10,53000,JPY,text,https://x.com/snkrdunk_akiba/status/2107719682631590299,,文字價；帖內並列
2026-10-07,94607f5b8979,メガダークライex MUR,,,PSA10,60000,JPY,text,https://x.com/snkrdunk_akiba/status/2107719682631590299,,文字價；帖內並列
2026-10-07,fbcc852ac273,メガルカリオex SAR,,,PSA10,16500,JPY,text,https://x.com/snkrdunk_akiba/status/2107719682631590299,,文字價；帖內並列
2026-10-07,664e69f6cb45,ルギアV SA,,,PSA10,160000,JPY,text,https://x.com/snkrdunk_akiba/status/2107719682631590299,,文字價；帖內並列
2026-10-08,f855638b9469,ゼクロムex BWR,,,,80000,JPY,text,https://x.com/i/status/2108190682854961583,https://pbs.twimg.com/media/HUHI1eHbIAAWtJ_.jpg,文字價（自動抽）；圖未逐張核，過閘前請對圖；帖為密集圖+文字節錄，其餘格位未入表
2026-10-08,fa866b60a603,ピカチュウex SAR仕様,,,,150000,JPY,text,https://x.com/i/status/2108190682854961583,https://pbs.twimg.com/media/HUHI1eHbIAAWtJ_.jpg,文字價（自動抽）；圖未逐張核，過閘前請對圖；帖為密集圖+文字節錄，其餘格位未入表
2026-10-08,07cbae54c541,ミュウex SAR,,,,90000,JPY,text,https://x.com/i/status/2108190682854961583,https://pbs.twimg.com/media/HUHI1eHbIAAWtJ_.jpg,文字價（自動抽）；圖未逐張核，過閘前請對圖；帖為密集圖+文字節錄，其餘格位未入表
2026-10-08,96c284f2cd6a,レシラムex BWR,,,,80000,JPY,text,https://x.com/i/status/2108190682854961583,https://pbs.twimg.com/media/HUHI1eHbIAAWtJ_.jpg,文字價（自動抽）；圖未逐張核，過閘前請對圖；帖為密集圖+文字節錄，其餘格位未入表
2026-10-08,08621ffaa5a1,ロケット団のミュウツーex SAR,,,,60000,JPY,text,https://x.com/i/status/2108190682854961583,https://pbs.twimg.com/media/HUHI1eHbIAAWtJ_.jpg,文字價（自動抽）；圖未逐張核，過閘前請對圖；帖為密集圖+文字節錄，其餘格位未入表
2026-10-08,66ea921456ac,メガリザードンex SAR,,,,110000,JPY,text,https://x.com/i/status/2108190686994665502,https://pbs.twimg.com/media/HUHI1eFasAAnJZ3.jpg,文字價（自動抽）；圖未逐張核，過閘前請對圖
2026-10-08,6842732e382b,マリオピカチュウ フルアート,,,PSA10,5100000,JPY,text,https://x.com/snkrdunk_akiba/status/2108068991197753365,,文字價
2026-10-08,e725fc0c85c6,ルイージピカチュウ フルアート,,,PSA10,2600000,JPY,text,https://x.com/snkrdunk_akiba/status/2108068991197753365,,文字價
2026-10-08,cd77af8299b6,サカキの計画,,,PSA10,3800000,JPY,text,https://x.com/snkrdunk_akiba/status/2108069242377814268,,文字價
2026-10-08,c71a619a8e3e,ロケット団参上！,,,PSA10,3600000,JPY,text,https://x.com/snkrdunk_akiba/status/2108069242377814268,,文字價
2026-10-08,c499732dc11c,ゲンガー カードe,,,PSA10,4500000,JPY,text,https://x.com/snkrdunk_akiba/status/2108112468136575444,,文字價
2026-10-08,7ec5aee8de58,ギャラドスごっこピカチュウ,,150/XY-P,,2500000,JPY,image,https://x.com/snkrdunk_akiba/status/2108165523926360366,https://pbs.twimg.com/media/HUGx9rbbIAAOjW6.jpg,"未開封。人手核圖 ¥2,500,000；文字帖誤寫 ¥2,700,000（似同メガリザX掉轉）。上站用圖價。"
2026-10-08,8cc74d483630,ポンチョを着たピカチュウ メガリザX,,207/XY-P,,2700000,JPY,image,https://x.com/snkrdunk_akiba/status/2108165523926360366,https://pbs.twimg.com/media/HUGx9rbbIAAOjW6.jpg,"未開封。人手核圖 ¥2,700,000；文字帖誤寫 ¥2,500,000（似同ギャラドス掉轉）。上站用圖價。"
2026-10-08,fd5cb9681c05,ポンチョを着たピカチュウ メガリザY,,208/XY-P,,1900000,JPY,image,https://x.com/snkrdunk_akiba/status/2108165523926360366,https://pbs.twimg.com/media/HUGx9rbbIAAOjW6.jpg,未開封。只喺圖出現；人手核圖。
2026-10-08,53f9bdd085d9,ポンチョを着たピカチュウ レックウザ,,230/XY-P,,3000000,JPY,image,https://x.com/snkrdunk_akiba/status/2108165523926360366,https://pbs.twimg.com/media/HUGx9rbbIAAOjW6.jpg,"未開封。文字帖同圖都係 ¥3,000,000。已人手核圖。"
2026-10-08,04d378051af7,乱戦！ポケモンスクランブル イーブイ,,,,30000000,JPY,image,https://x.com/snkrdunk_akiba/status/2108165528040988978,https://pbs.twimg.com/media/HUGx9rhbMAA6cFM.jpg,未開封。人手核圖；文字帖無列金額
2026-10-08,ad3ccf83a792,アルセウス&ディアルガ&パルキアGX SA,,,,110000,JPY,image,https://x.com/snkrdunk_akiba/status/2108165531333435501,https://pbs.twimg.com/media/HUGx9_2bMAAQi5n.jpg,人手核圖；文字帖無列呢張
2026-10-08,6b4db105d038,ゲンガー&ミミッキュGX SA,,,,400000,JPY,text,https://x.com/snkrdunk_akiba/status/2108165531333435501,https://pbs.twimg.com/media/HUGx9_2bMAAQi5n.jpg,文字＋圖一致
2026-10-08,40574003412e,コイキング&ホエルオーGX SA,,,,170000,JPY,image,https://x.com/snkrdunk_akiba/status/2108165531333435501,https://pbs.twimg.com/media/HUGx9_2bMAAQi5n.jpg,人手核圖；文字帖無列呢張
2026-10-08,d89f91fffb1e,サーナイト&ニンフィアGX SA,,,,170000,JPY,image,https://x.com/snkrdunk_akiba/status/2108165531333435501,https://pbs.twimg.com/media/HUGx9_2bMAAQi5n.jpg,人手核圖；文字帖無列呢張
2026-10-08,1a2797dcd791,ピカチュウ&ゼクロムGX SA,,,,650000,JPY,text,https://x.com/snkrdunk_akiba/status/2108165531333435501,https://pbs.twimg.com/media/HUGx9_2bMAAQi5n.jpg,文字＋圖一致
2026-10-08,f4a5d7c3e4ec,ファイヤー&サンダー&フリーザーGX SA,,,,350000,JPY,image,https://x.com/snkrdunk_akiba/status/2108165531333435501,https://pbs.twimg.com/media/HUGx9_2bMAAQi5n.jpg,人手核圖；文字帖無列呢張
2026-10-08,ddc33341ad38,ブラッキー&ダークライGX SA,,,,180000,JPY,image,https://x.com/snkrdunk_akiba/status/2108165531333435501,https://pbs.twimg.com/media/HUGx9_2bMAAQi5n.jpg,人手核圖；文字帖無列呢張
2026-10-08,d45284b8c684,ミュウツー&ミュウGX SA,,,,400000,JPY,text,https://x.com/snkrdunk_akiba/status/2108165531333435501,https://pbs.twimg.com/media/HUGx9_2bMAAQi5n.jpg,文字＋圖一致
2026-10-08,313da06cc302,ヤドン&コダックGX SA,,,,120000,JPY,image,https://x.com/snkrdunk_akiba/status/2108165531333435501,https://pbs.twimg.com/media/HUGx9_2bMAAQi5n.jpg,人手核圖；文字帖無列呢張
2026-10-08,b766f80121f0,ライチュウ&アローラライチュウGX SA,,,,130000,JPY,image,https://x.com/snkrdunk_akiba/status/2108165531333435501,https://pbs.twimg.com/media/HUGx9_2bMAAQi5n.jpg,人手核圖；文字帖無列呢張
2026-10-08,ce7cf1ffe122,ラティアス&ラティオスGX SA,,,,780000,JPY,text,https://x.com/snkrdunk_akiba/status/2108165531333435501,https://pbs.twimg.com/media/HUGx9_2bMAAQi5n.jpg,文字＋圖一致
2026-10-08,148bf3f3c875,レシラム&ゼクロムGX SA,,,,60000,JPY,image,https://x.com/snkrdunk_akiba/status/2108165531333435501,https://pbs.twimg.com/media/HUGx9_2bMAAQi5n.jpg,人手核圖；文字帖無列呢張
2026-10-08,8b7579b6c2e2,レシラム&リザードンGX SA,,,,200000,JPY,image,https://x.com/snkrdunk_akiba/status/2108165531333435501,https://pbs.twimg.com/media/HUGx9_2bMAAQi5n.jpg,人手核圖；文字帖無列呢張
2026-10-08,48993d398bef,メガゲンガーex SAR,,,,58000,JPY,text,https://x.com/snkrdunk_akiba/status/2108165534646972475,https://pbs.twimg.com/media/HUGx-JSakAARI8F.jpg,圖核對一致
2026-10-09,06f356c4c12a,ギャラドスごっこピカチュウ,,,,2700000,JPY,text,https://x.com/i/status/2108346717347385678,https://pbs.twimg.com/media/HUJWwMPbYAADiUr.jpg,文字價（自動抽）；圖未逐張核，過閘前請對圖
2026-10-09,4bd41f14c13d,ポンチョを着たピカチュウ メガリザX,,,,2500000,JPY,text,https://x.com/i/status/2108346717347385678,https://pbs.twimg.com/media/HUJWwMPbYAADiUr.jpg,文字價（自動抽）；圖未逐張核，過閘前請對圖
2026-10-09,625fae3a7889,ポンチョを着たピカチュウ レックウザ,,,,3000000,JPY,text,https://x.com/i/status/2108346717347385678,https://pbs.twimg.com/media/HUJWwMPbYAADiUr.jpg,文字價（自動抽）；圖未逐張核，過閘前請對圖
2026-10-09,6b4db105d038,ゲンガー&ミミッキュGX SA,,,,400000,JPY,text,https://x.com/i/status/2108346724054085710,https://pbs.twimg.com/media/HUJWwM9akAAYfOR.jpg,文字價（自動抽）；圖未逐張核，過閘前請對圖；帖為密集圖+文字節錄，其餘格位未入表
2026-10-09,1a2797dcd791,ピカチュウ&ゼクロムGX SA,,,,650000,JPY,text,https://x.com/i/status/2108346724054085710,https://pbs.twimg.com/media/HUJWwM9akAAYfOR.jpg,文字價（自動抽）；圖未逐張核，過閘前請對圖；帖為密集圖+文字節錄，其餘格位未入表
2026-10-09,d45284b8c684,ミュウツー&ミュウGX SA,,,,400000,JPY,text,https://x.com/i/status/2108346724054085710,https://pbs.twimg.com/media/HUJWwM9akAAYfOR.jpg,文字價（自動抽）；圖未逐張核，過閘前請對圖；帖為密集圖+文字節錄，其餘格位未入表
2026-10-09,ce7cf1ffe122,ラティアス&ラティオスGX SA,,,,780000,JPY,text,https://x.com/i/status/2108346724054085710,https://pbs.twimg.com/media/HUJWwM9akAAYfOR.jpg,文字價（自動抽）；圖未逐張核，過閘前請對圖；帖為密集圖+文字節錄，其餘格位未入表
2026-10-09,48993d398bef,メガゲンガーex SAR,,,,58000,JPY,text,https://x.com/i/status/2108346727438914005,https://pbs.twimg.com/media/HUJWwN7bEAA8pLv.jpg,文字價（自動抽）；圖未逐張核，過閘前請對圖
2026-10-09,f13524d0f6ed,スカル団ごっこピカチュウ 未開封,,,,1800000,JPY,text,https://x.com/i/status/2108347972878762445,https://pbs.twimg.com/media/HUJX4yVbsAIxYNt.jpg,文字價（自動抽）；圖未逐張核，過閘前請對圖
2026-10-09,3c9b5a3c5b14,ピカチュウ(たいでん),,,,1900000,JPY,text,https://x.com/i/status/2108349232096878619,https://pbs.twimg.com/media/HUJZCAwa8AAmaIs.jpg,文字價（自動抽）；圖未逐張核，過閘前請對圖
2026-10-09,c327375a6624,ピカチュウ(おいわいパーティ),,,,3500000,JPY,text,https://x.com/i/status/2108350486520996190,https://pbs.twimg.com/media/HUJaLvDagAA0U3f.jpg,文字價（自動抽）；圖未逐張核，過閘前請對圖
2026-10-09,b9f47de17e94,ゴッホピカチュウ 未開封,,,,250000,JPY,text,https://x.com/i/status/2108351746460578005,https://pbs.twimg.com/media/HUJbUpzbQAAiupO.jpg,文字價（自動抽）；圖未逐張核，過閘前請對圖
2026-10-09,8c91de0c0251,見返りピカチュウ 未開封,,,,400000,JPY,text,https://x.com/i/status/2108351746460578005,https://pbs.twimg.com/media/HUJbUpzbQAAiupO.jpg,文字價（自動抽）；圖未逐張核，過閘前請對圖
2026-10-09,725f9e5d2c9f,リザードンVMAX HR 争奪戦 台紙付き,,,,1450000,JPY,text,https://x.com/i/status/2108351749715357971,https://pbs.twimg.com/media/HUJbUp3aIAARs9a.jpg,文字價（自動抽）；圖未逐張核，過閘前請對圖
2026-10-09,9ee2c2567290,カイオーガ,,,,1200000,JPY,text,https://x.com/i/status/2108354265786077198,https://pbs.twimg.com/media/HUJdnA1aUAEgabI.jpg,文字價（自動抽）；圖未逐張核，過閘前請對圖
2026-10-09,4ebb5e0d853c,グラードン,,,,1200000,JPY,text,https://x.com/i/status/2108354265786077198,https://pbs.twimg.com/media/HUJdnA1aUAEgabI.jpg,文字價（自動抽）；圖未逐張核，過閘前請對圖
2026-10-09,0be28d32f2a0,レックウザ,,,,15000000,JPY,text,https://x.com/i/status/2108354265786077198,https://pbs.twimg.com/media/HUJdnA1aUAEgabI.jpg,文字價（自動抽）；圖未逐張核，過閘前請對圖
2026-10-09,327fbc4bbc10,ゲンガーVMAX SA,,,,300000,JPY,text,https://x.com/i/status/2108354272362627538,https://pbs.twimg.com/media/HUJdnA9bYAANaAc.jpg,文字價（自動抽）；圖未逐張核，過閘前請對圖；帖為密集圖+文字節錄，其餘格位未入表
2026-10-09,f20b417b76e8,ミュウVMAX SA,,,,160000,JPY,text,https://x.com/i/status/2108354272362627538,https://pbs.twimg.com/media/HUJdnA9bYAANaAc.jpg,文字價（自動抽）；圖未逐張核，過閘前請對圖；帖為密集圖+文字節錄，其餘格位未入表
2026-10-09,cd981a9f4d7a,リーフィアVMAX SA,,,,75000,JPY,text,https://x.com/i/status/2108354272362627538,https://pbs.twimg.com/media/HUJdnA9bYAANaAc.jpg,文字價（自動抽）；圖未逐張核，過閘前請對圖；帖為密集圖+文字節錄，其餘格位未入表
2026-10-09,aeb3b8008ca9,ルギアV SA,,,,150000,JPY,text,https://x.com/i/status/2108354272362627538,https://pbs.twimg.com/media/HUJdnA9bYAANaAc.jpg,文字價（自動抽）；圖未逐張核，過閘前請對圖；帖為密集圖+文字節錄，其餘格位未入表
2026-10-09,7600c7f143e3,メガレックウザex SAR,,,,40000,JPY,text,https://x.com/i/status/2108354279430086760,https://pbs.twimg.com/media/HUJdnA-aMAAQb7C.jpg,文字價（自動抽）；圖未逐張核，過閘前請對圖
2026-10-09,99e5373af822,アチャモ,,,,8000000,JPY,text,https://x.com/i/status/2108355519752909299,https://pbs.twimg.com/media/HUJewSaaEAAfT3M.jpg,文字價（自動抽）；圖未逐張核，過閘前請對圖
2026-10-09,6a902bb8660b,キモリ,,,,2700000,JPY,text,https://x.com/i/status/2108355519752909299,https://pbs.twimg.com/media/HUJewSaaEAAfT3M.jpg,文字價（自動抽）；圖未逐張核，過閘前請對圖
2026-10-09,50668534403a,ミズゴロウ,,,,5500000,JPY,text,https://x.com/i/status/2108355519752909299,https://pbs.twimg.com/media/HUJewSaaEAAfT3M.jpg,文字價（自動抽）；圖未逐張核，過閘前請對圖
2026-10-09,a5c1b8414aa7,ムンク ピカチュウ,,,,1600000,JPY,text,https://x.com/i/status/2108355523439632475,https://pbs.twimg.com/media/HUJewSoa4AEDc1H.jpg,文字價（自動抽）；圖未逐張核，過閘前請對圖
2026-10-09,f1e116f6d5bf,ムンク ミミッキュ 未開封,,,,2500000,JPY,text,https://x.com/i/status/2108355523439632475,https://pbs.twimg.com/media/HUJewSoa4AEDc1H.jpg,文字價（自動抽）；圖未逐張核，過閘前請對圖
2026-10-09,a8f73c071c77,ミュウ,,,,1000000,JPY,text,https://x.com/i/status/2108356778044113165,https://pbs.twimg.com/media/HUJf5csboAATLyr.jpg,文字價（自動抽）；圖未逐張核，過閘前請對圖
2026-10-09,a620d56e36c0,ミュウツー,,,,500000,JPY,text,https://x.com/i/status/2108356778044113165,https://pbs.twimg.com/media/HUJf5csboAATLyr.jpg,文字價（自動抽）；圖未逐張核，過閘前請對圖
2026-10-09,f26677c346b5,リーリエ(エクストラバトルの日),,,,7500000,JPY,text,https://x.com/i/status/2108356781600800866,https://pbs.twimg.com/media/HUJf5cpb0AAOJHU.jpg,文字價（自動抽）；圖未逐張核，過閘前請對圖
2026-10-09,06f356c4c12a,ギャラドスごっこピカチュウ,,,,2700000,JPY,text,https://x.com/snkrdunk_akiba/status/2108346717347385678,,文字價（自動抽）；圖未逐張核，過閘前請對圖
2026-10-09,4bd41f14c13d,ポンチョを着たピカチュウ メガリザX,,,,2500000,JPY,text,https://x.com/snkrdunk_akiba/status/2108346717347385678,,文字價（自動抽）；圖未逐張核，過閘前請對圖
2026-10-09,625fae3a7889,ポンチョを着たピカチュウ レックウザ,,,,3000000,JPY,text,https://x.com/snkrdunk_akiba/status/2108346717347385678,,文字價（自動抽）；圖未逐張核，過閘前請對圖
2026-10-09,6b4db105d038,ゲンガー&ミミッキュGX SA,,,,400000,JPY,text,https://x.com/snkrdunk_akiba/status/2108346724054085710,,文字價（自動抽）；圖未逐張核，過閘前請對圖
2026-10-09,1a2797dcd791,ピカチュウ&ゼクロムGX SA,,,,650000,JPY,text,https://x.com/snkrdunk_akiba/status/2108346724054085710,,文字價（自動抽）；圖未逐張核，過閘前請對圖
2026-10-09,d45284b8c684,ミュウツー&ミュウGX SA,,,,400000,JPY,text,https://x.com/snkrdunk_akiba/status/2108346724054085710,,文字價（自動抽）；圖未逐張核，過閘前請對圖
2026-10-09,ce7cf1ffe122,ラティアス&ラティオスGX SA,,,,780000,JPY,text,https://x.com/snkrdunk_akiba/status/2108346724054085710,,文字價（自動抽）；圖未逐張核，過閘前請對圖
2026-10-09,48993d398bef,メガゲンガーex SAR,,,,58000,JPY,text,https://x.com/snkrdunk_akiba/status/2108346727438914005,,文字價（自動抽）；圖未逐張核，過閘前請對圖
2026-10-09,f13524d0f6ed,スカル団ごっこピカチュウ 未開封,,,,1800000,JPY,text,https://x.com/snkrdunk_akiba/status/2108347972878762445,,文字價（自動抽）；圖未逐張核，過閘前請對圖
2026-10-09,3c9b5a3c5b14,ピカチュウ(たいでん),,,,1900000,JPY,text,https://x.com/snkrdunk_akiba/status/2108349232096878619,,文字價（自動抽）；圖未逐張核，過閘前請對圖
2026-10-09,5b3ecc2b9c1f,ピカチュウ(おいわいパーティ!),,,,3500000,JPY,text,https://x.com/snkrdunk_akiba/status/2108350486520996190,,文字價（自動抽）；圖未逐張核，過閘前請對圖
2026-10-09,b9f47de17e94,ゴッホピカチュウ 未開封,,,,250000,JPY,text,https://x.com/snkrdunk_akiba/status/2108351746460578005,,文字價（自動抽）；圖未逐張核，過閘前請對圖
2026-10-09,8c91de0c0251,見返りピカチュウ 未開封,,,,400000,JPY,text,https://x.com/snkrdunk_akiba/status/2108351746460578005,,文字價（自動抽）；圖未逐張核，過閘前請對圖
2026-10-09,725f9e5d2c9f,リザードンVMAX HR 争奪戦 台紙付き,,,,1450000,JPY,text,https://x.com/snkrdunk_akiba/status/2108351749715357971,,文字價（自動抽）；圖未逐張核，過閘前請對圖
2026-10-09,8b5300e2d378,カイオーガ☆,,,,1200000,JPY,text,https://x.com/snkrdunk_akiba/status/2108354265786077198,,文字價（自動抽）；圖未逐張核，過閘前請對圖
2026-10-09,ad57400ab372,グラードン☆,,,,1200000,JPY,text,https://x.com/snkrdunk_akiba/status/2108354265786077198,,文字價（自動抽）；圖未逐張核，過閘前請對圖
2026-10-09,e1a79f10721c,レックウザ☆,,,,15000000,JPY,text,https://x.com/snkrdunk_akiba/status/2108354265786077198,,文字價（自動抽）；圖未逐張核，過閘前請對圖
2026-10-09,327fbc4bbc10,ゲンガーVMAX SA,,,,300000,JPY,text,https://x.com/snkrdunk_akiba/status/2108354272362627538,,文字價（自動抽）；圖未逐張核，過閘前請對圖
2026-10-09,f20b417b76e8,ミュウVMAX SA,,,,160000,JPY,text,https://x.com/snkrdunk_akiba/status/2108354272362627538,,文字價（自動抽）；圖未逐張核，過閘前請對圖
2026-10-09,cd981a9f4d7a,リーフィアVMAX SA,,,,75000,JPY,text,https://x.com/snkrdunk_akiba/status/2108354272362627538,,文字價（自動抽）；圖未逐張核，過閘前請對圖
2026-10-09,aeb3b8008ca9,ルギアV SA,,,,150000,JPY,text,https://x.com/snkrdunk_akiba/status/2108354272362627538,,文字價（自動抽）；圖未逐張核，過閘前請對圖
2026-10-09,7600c7f143e3,メガレックウザex SAR,,,,40000,JPY,text,https://x.com/snkrdunk_akiba/status/2108354279430086760,,文字價（自動抽）；圖未逐張核，過閘前請對圖
2026-10-09,68231ee49c09,アチャモ☆,,,,8000000,JPY,text,https://x.com/snkrdunk_akiba/status/2108355519752909299,,文字價（自動抽）；圖未逐張核，過閘前請對圖
2026-10-09,88a801e8d024,キモリ☆,,,,2700000,JPY,text,https://x.com/snkrdunk_akiba/status/2108355519752909299,,文字價（自動抽）；圖未逐張核，過閘前請對圖
2026-10-09,c000ea2c220f,ミズゴロウ☆,,,,5500000,JPY,text,https://x.com/snkrdunk_akiba/status/2108355519752909299,,文字價（自動抽）；圖未逐張核，過閘前請對圖
2026-10-09,a5c1b8414aa7,ムンク ピカチュウ,,,,1600000,JPY,text,https://x.com/snkrdunk_akiba/status/2108355523439632475,,文字價（自動抽）；圖未逐張核，過閘前請對圖
2026-10-09,f1e116f6d5bf,ムンク ミミッキュ 未開封,,,,2500000,JPY,text,https://x.com/snkrdunk_akiba/status/2108355523439632475,,文字價（自動抽）；圖未逐張核，過閘前請對圖
2026-10-09,a8f73c071c77,ミュウ,,,,1000000,JPY,text,https://x.com/snkrdunk_akiba/status/2108356778044113165,,文字價（自動抽）；圖未逐張核，過閘前請對圖
2026-10-09,a620d56e36c0,ミュウツー,,,,500000,JPY,text,https://x.com/snkrdunk_akiba/status/2108356778044113165,,文字價（自動抽）；圖未逐張核，過閘前請對圖
2026-10-09,f26677c346b5,リーリエ(エクストラバトルの日),,,,7500000,JPY,text,https://x.com/snkrdunk_akiba/status/2108356781600800866,,文字價（自動抽）；圖未逐張核，過閘前請對圖
2026-10-09,66a6ff593c51,カメックス,,,,250000,JPY,text,https://x.com/snkrdunk_akiba/status/2108358038512140300,,文字價（自動抽）；圖未逐張核，過閘前請對圖
2026-10-09,5accb7d821a9,フシギバナ,,,,200000,JPY,text,https://x.com/snkrdunk_akiba/status/2108358038512140300,,文字價（自動抽）；圖未逐張核，過閘前請對圖
2026-10-09,865d3b47e3e8,リザードン,,,,1700000,JPY,text,https://x.com/snkrdunk_akiba/status/2108358038512140300,,文字價（自動抽）；圖未逐張核，過閘前請對圖
2026-10-09,9e6e0c1a6c80,アセロラ(エクストラバトルの日),,,,2700000,JPY,text,https://x.com/snkrdunk_akiba/status/2108358042140193136,,文字價（自動抽）；圖未逐張核，過閘前請對圖
2026-10-09,66a6ff593c51,カメックス,,,,250000,JPY,text,https://x.com/snkrdunk_akiba/status/2108359296673268120,,文字價（自動抽）；圖未逐張核，過閘前請對圖
2026-10-09,5accb7d821a9,フシギバナ,,,,70000,JPY,text,https://x.com/snkrdunk_akiba/status/2108359296673268120,,文字價（自動抽）；圖未逐張核，過閘前請對圖
2026-10-09,865d3b47e3e8,リザードン,,,,600000,JPY,text,https://x.com/snkrdunk_akiba/status/2108359296673268120,,文字價（自動抽）；圖未逐張核，過閘前請對圖
2026-10-09,bbd984c952a9,サカキの計画 未開封,,,,2700000,JPY,text,https://x.com/snkrdunk_akiba/status/2108359300385325184,,文字價（自動抽）；圖未逐張核，過閘前請對圖
2026-10-09,f60ed40918f2,ロケット団参上 未開封,,,,2500000,JPY,text,https://x.com/snkrdunk_akiba/status/2108359300385325184,https://pbs.twimg.com/media/HUJiL8tbUAAz_vs.jpg,文字價（自動抽）；圖未逐張核，過閘前請對圖
2026-10-09,d60d1139f63a,ロケット団参上! 未開封,,,,2500000,JPY,text,https://x.com/snkrdunk_akiba/status/2108359300385325184,,文字價（自動抽）；圖未逐張核，過閘前請對圖
2026-10-09,8f51811e3f7e,わるいカメックス,,,,200000,JPY,text,https://x.com/snkrdunk_akiba/status/2108360555211968983,https://pbs.twimg.com/media/HUJjVNHboAAunvn.jpg,文字價（自動抽）；圖未逐張核，過閘前請對圖
2026-10-09,eac622724e56,わるいリザードン,,,,800000,JPY,text,https://x.com/snkrdunk_akiba/status/2108360555211968983,https://pbs.twimg.com/media/HUJjVNHboAAunvn.jpg,文字價（自動抽）；圖未逐張核，過閘前請對圖
2026-10-09,5accb7d821a9,フシギバナ,,,,170000,JPY,text,https://x.com/snkrdunk_akiba/status/2108360555211968983,https://pbs.twimg.com/media/HUJjVNHboAAunvn.jpg,文字價（自動抽）；圖未逐張核，過閘前請對圖
2026-10-09,2d16ec25b2e9,かんこうきゃく SR,,,,150000,JPY,text,https://x.com/snkrdunk_akiba/status/2108360558965903520,https://pbs.twimg.com/media/HUJjVNmaYAADKln.jpg,文字價（自動抽）；圖未逐張核，過閘前請對圖；帖為密集圖+文字節錄，其餘格位未入表
2026-10-09,6190f07a1d71,アセロラ SR,,,,1200000,JPY,text,https://x.com/snkrdunk_akiba/status/2108360558965903520,https://pbs.twimg.com/media/HUJjVNmaYAADKln.jpg,文字價（自動抽）；圖未逐張核，過閘前請對圖；帖為密集圖+文字節錄，其餘格位未入表
2026-10-09,0238b7b6361b,アローラの仲間たち,,,,350000,JPY,text,https://x.com/snkrdunk_akiba/status/2108360558965903520,https://pbs.twimg.com/media/HUJjVNmaYAADKln.jpg,文字價（自動抽）；圖未逐張核，過閘前請對圖；帖為密集圖+文字節錄，其餘格位未入表
2026-10-09,da3fc0920548,ルチア SR,,,,150000,JPY,text,https://x.com/snkrdunk_akiba/status/2108360558965903520,https://pbs.twimg.com/media/HUJjVNmaYAADKln.jpg,文字價（自動抽）；圖未逐張核，過閘前請對圖；帖為密集圖+文字節錄，其餘格位未入表
2026-10-09,c3964483690e,帽子リーリエ,,,,1000000,JPY,text,https://x.com/snkrdunk_akiba/status/2108360558965903520,https://pbs.twimg.com/media/HUJjVNmaYAADKln.jpg,文字價（自動抽）；圖未逐張核，過閘前請對圖；帖為密集圖+文字節錄，其餘格位未入表
2026-10-09,e63fcdd66330,ゼニガメ,,,,900000,JPY,text,https://x.com/snkrdunk_akiba/status/2108361822877446650,https://pbs.twimg.com/media/HUJkfkRaoAA2VBP.jpg,文字價（自動抽）；圖未逐張核，過閘前請對圖
2026-10-09,6901ccf587d0,チコリータ,,,,110000,JPY,text,https://x.com/snkrdunk_akiba/status/2108361822877446650,https://pbs.twimg.com/media/HUJkfkRaoAA2VBP.jpg,文字價（自動抽）；圖未逐張核，過閘前請對圖
2026-10-09,c3777530dcde,ヒトカゲ,,,,400000,JPY,text,https://x.com/snkrdunk_akiba/status/2108361822877446650,https://pbs.twimg.com/media/HUJkfkRaoAA2VBP.jpg,文字價（自動抽）；圖未逐張核，過閘前請對圖
2026-10-09,f68f7b82cb4e,ピカチュウ,,,,500000,JPY,text,https://x.com/snkrdunk_akiba/status/2108361822877446650,https://pbs.twimg.com/media/HUJkfkRaoAA2VBP.jpg,文字價（自動抽）；圖未逐張核，過閘前請對圖
2026-10-09,f687d5268473,ブラッキーVMAX,,,,550000,JPY,text,https://x.com/snkrdunk_akiba/status/2108361826585194537,https://pbs.twimg.com/media/HUJkfkXbUAAa6lc.jpg,文字價（自動抽）；圖未逐張核，過閘前請對圖
2026-10-09,f855638b9469,ゼクロムex BWR,,,,80000,JPY,text,https://x.com/snkrdunk_akiba/status/2108361830494253159,https://pbs.twimg.com/media/HUJkfkea4AAfttA.jpg,文字價（自動抽）；圖未逐張核，過閘前請對圖；帖為密集圖+文字節錄，其餘格位未入表
2026-10-09,fa866b60a603,ピカチュウex SAR仕様,,,,150000,JPY,text,https://x.com/snkrdunk_akiba/status/2108361830494253159,https://pbs.twimg.com/media/HUJkfkea4AAfttA.jpg,文字價（自動抽）；圖未逐張核，過閘前請對圖；帖為密集圖+文字節錄，其餘格位未入表
2026-10-09,07cbae54c541,ミュウex SAR,,,,90000,JPY,text,https://x.com/snkrdunk_akiba/status/2108361830494253159,https://pbs.twimg.com/media/HUJkfkea4AAfttA.jpg,文字價（自動抽）；圖未逐張核，過閘前請對圖；帖為密集圖+文字節錄，其餘格位未入表
2026-10-09,96c284f2cd6a,レシラムex BWR,,,,80000,JPY,text,https://x.com/snkrdunk_akiba/status/2108361830494253159,https://pbs.twimg.com/media/HUJkfkea4AAfttA.jpg,文字價（自動抽）；圖未逐張核，過閘前請對圖；帖為密集圖+文字節錄，其餘格位未入表
2026-10-09,08621ffaa5a1,ロケット団のミュウツーex SAR,,,,60000,JPY,text,https://x.com/snkrdunk_akiba/status/2108361830494253159,https://pbs.twimg.com/media/HUJkfkea4AAfttA.jpg,文字價（自動抽）；圖未逐張核，過閘前請對圖；帖為密集圖+文字節錄，其餘格位未入表
2026-10-09,66ea921456ac,メガリザードンex SAR,,,,110000,JPY,text,https://x.com/snkrdunk_akiba/status/2108361833640010043,https://pbs.twimg.com/media/HUJkfkNbEAAejyy.jpg,文字價（自動抽）；圖未逐張核，過閘前請對圖
2026-10-09,a6bb07c0a59e,ブラッキー,,,,1200000,JPY,text,https://x.com/snkrdunk_akiba/status/2108363074059244014,https://pbs.twimg.com/media/HUJlnrqboAA9iMd.jpg,文字價（自動抽）；圖未逐張核，過閘前請對圖
2026-10-09,a6bb07c0a59e,ブラッキー,,,,1300000,JPY,text,https://x.com/snkrdunk_akiba/status/2108363074059244014,https://pbs.twimg.com/media/HUJlnrqboAA9iMd.jpg,文字價（自動抽）；圖未逐張核，過閘前請對圖
2026-10-09,a6bb07c0a59e,ブラッキー,,,,250000,JPY,text,https://x.com/snkrdunk_akiba/status/2108363074059244014,https://pbs.twimg.com/media/HUJlnrqboAA9iMd.jpg,文字價（自動抽）；圖未逐張核，過閘前請對圖
2026-10-09,a6bb07c0a59e,ブラッキー,,,,600000,JPY,text,https://x.com/snkrdunk_akiba/status/2108363074059244014,https://pbs.twimg.com/media/HUJlnrqboAA9iMd.jpg,文字價（自動抽）；圖未逐張核，過閘前請對圖
2026-10-09,99a666faebe8,エーフィ グレート,,,,10000000,JPY,text,https://x.com/snkrdunk_akiba/status/2108363077708394569,https://pbs.twimg.com/media/HUJlnrvacAA-r37.jpg,文字價（自動抽）；圖未逐張核，過閘前請對圖
2026-10-09,fb21e78767fb,ブラッキー グレート,,,,22000000,JPY,text,https://x.com/snkrdunk_akiba/status/2108363077708394569,https://pbs.twimg.com/media/HUJlnrvacAA-r37.jpg,文字價（自動抽）；圖未逐張核，過閘前請對圖
2026-10-09,439baa3d9b36,ギャラドス,,,,400000,JPY,text,https://x.com/snkrdunk_akiba/status/2108364329791914492,https://pbs.twimg.com/media/HUJmw76bYAA-AiR.jpg,文字價（自動抽）；圖未逐張核，過閘前請對圖
2026-10-09,0adfe44a5192,ゲンガー,,,,1800000,JPY,text,https://x.com/snkrdunk_akiba/status/2108364329791914492,https://pbs.twimg.com/media/HUJmw76bYAA-AiR.jpg,文字價（自動抽）；圖未逐張核，過閘前請對圖
2026-10-09,0adfe44a5192,ゲンガー,,,,2500000,JPY,text,https://x.com/snkrdunk_akiba/status/2108364329791914492,https://pbs.twimg.com/media/HUJmw76bYAA-AiR.jpg,文字價（自動抽）；圖未逐張核，過閘前請對圖
2026-10-09,0adfe44a5192,ゲンガー,,,,500000,JPY,text,https://x.com/snkrdunk_akiba/status/2108364329791914492,https://pbs.twimg.com/media/HUJmw76bYAA-AiR.jpg,文字價（自動抽）；圖未逐張核，過閘前請對圖
2026-10-09,a5a025e6bbb8,リザードンEX 未開封,,,,1000000,JPY,text,https://x.com/snkrdunk_akiba/status/2108365590339682540,https://pbs.twimg.com/media/HUJn66UbgAAHSk1.jpg,文字價（自動抽）；圖未逐張核，過閘前請對圖
2026-10-09,5b11aa4ab3ed,マリオピカチュウ 未開封,,,,5000000,JPY,text,https://x.com/snkrdunk_akiba/status/2108368102757167240,https://pbs.twimg.com/media/HUJqMpvaIAAFwVo.jpg,文字價（自動抽）；圖未逐張核，過閘前請對圖
2026-10-09,36a564d3d86c,ルイージピカチュウ 未開封,,,,2400000,JPY,text,https://x.com/snkrdunk_akiba/status/2108368102757167240,https://pbs.twimg.com/media/HUJqMpvaIAAFwVo.jpg,文字價（自動抽）；圖未逐張核，過閘前請對圖
2026-10-09,6b4db105d038,ゲンガー&ミミッキュGX SA,,,,400000,JPY,text,https://x.com/snkrdunk_akiba/status/2108369374893809971,https://pbs.twimg.com/media/HUJrV4nacAAyuEC.jpg,文字價（自動抽）；圖未逐張核，過閘前請對圖；帖為密集圖+文字節錄，其餘格位未入表
2026-10-09,1a2797dcd791,ピカチュウ&ゼクロムGX SA,,,,650000,JPY,text,https://x.com/snkrdunk_akiba/status/2108369374893809971,https://pbs.twimg.com/media/HUJrV4nacAAyuEC.jpg,文字價（自動抽）；圖未逐張核，過閘前請對圖；帖為密集圖+文字節錄，其餘格位未入表
2026-10-09,d45284b8c684,ミュウツー&ミュウGX SA,,,,400000,JPY,text,https://x.com/snkrdunk_akiba/status/2108369374893809971,https://pbs.twimg.com/media/HUJrV4nacAAyuEC.jpg,文字價（自動抽）；圖未逐張核，過閘前請對圖；帖為密集圖+文字節錄，其餘格位未入表
2026-10-09,ce7cf1ffe122,ラティアス&ラティオスGX SA,,,,780000,JPY,text,https://x.com/snkrdunk_akiba/status/2108369374893809971,https://pbs.twimg.com/media/HUJrV4nacAAyuEC.jpg,文字價（自動抽）；圖未逐張核，過閘前請對圖；帖為密集圖+文字節錄，其餘格位未入表
2026-10-09,48993d398bef,メガゲンガーex SAR,,,,58000,JPY,text,https://x.com/snkrdunk_akiba/status/2108369378383401133,https://pbs.twimg.com/media/HUJrV4xaMAAydqq.jpg,文字價（自動抽）；圖未逐張核，過閘前請對圖
2026-10-09,c92996835a05,CS クロコダイル,,OP14-120,,450000,JPY,text,https://x.com/snkrdunk_akiba/status/2108372380284555374,https://pbs.twimg.com/media/HUJuFpObEAAbylV.jpg,文字價＋卡號（自動抽）；圖未逐張核，過閘前請對圖
2026-10-09,1e97b25fda97,CS ハンコック,,OP14-232,,1200000,JPY,text,https://x.com/snkrdunk_akiba/status/2108372380284555374,https://pbs.twimg.com/media/HUJuFpObEAAbylV.jpg,文字價＋卡號（自動抽）；圖未逐張核，過閘前請對圖
2026-10-09,88bf1c5149c8,コミパラ エース,,OP13-119,,650000,JPY,text,https://x.com/snkrdunk_akiba/status/2108372886260215935,https://pbs.twimg.com/media/HUJujCVacAA0dKG.jpg,文字價＋卡號（自動抽）；圖未逐張核，過閘前請對圖
2026-10-09,9873a243711e,コミパラ サボ,,OP13-120,,450000,JPY,text,https://x.com/snkrdunk_akiba/status/2108372886260215935,https://pbs.twimg.com/media/HUJujCVacAA0dKG.jpg,文字價＋卡號（自動抽）；圖未逐張核，過閘前請對圖
2026-10-09,a64ef2644576,コミパラ ルフィ,,OP13-118,,1900000,JPY,text,https://x.com/snkrdunk_akiba/status/2108372886260215935,https://pbs.twimg.com/media/HUJujCVacAA0dKG.jpg,文字價＋卡號（自動抽）；圖未逐張核，過閘前請對圖
2026-10-09,4c0e8a0571a5,コミパラ ルフィ,,OP11-118,,135000,JPY,text,https://x.com/snkrdunk_akiba/status/2108375652466659450,https://pbs.twimg.com/media/HUJxEE2asAA-2lM.jpg,文字價＋卡號（自動抽）；圖未逐張核，過閘前請對圖
2026-10-09,34af5e1575ad,コミパラ ルフィ,,OP09-119,,220000,JPY,text,https://x.com/snkrdunk_akiba/status/2108375652466659450,https://pbs.twimg.com/media/HUJxEE2asAA-2lM.jpg,文字價＋卡號（自動抽）；圖未逐張核，過閘前請對圖
2026-10-09,8b77a9676aff,コミパラ ルフィ,,EB02-061,,500000,JPY,text,https://x.com/snkrdunk_akiba/status/2108375652466659450,https://pbs.twimg.com/media/HUJxEE2asAA-2lM.jpg,文字價＋卡號（自動抽）；圖未逐張核，過閘前請對圖
